-- phpMyAdmin SQL Dump
-- version 4.6.6deb5
-- https://www.phpmyadmin.net/
--
-- Host: localhost:3306
-- Generation Time: Sep 23, 2020 at 12:13 PM
-- Server version: 5.7.28-0ubuntu0.18.04.4
-- PHP Version: 7.2.24-0ubuntu0.18.04.1

SET SQL_MODE = "NO_AUTO_VALUE_ON_ZERO";
SET time_zone = "+00:00";


/*!40101 SET @OLD_CHARACTER_SET_CLIENT=@@CHARACTER_SET_CLIENT */;
/*!40101 SET @OLD_CHARACTER_SET_RESULTS=@@CHARACTER_SET_RESULTS */;
/*!40101 SET @OLD_COLLATION_CONNECTION=@@COLLATION_CONNECTION */;
/*!40101 SET NAMES utf8mb4 */;

--
-- Database: `BillingManagement`
--

-- --------------------------------------------------------

--
-- Table structure for table `Gst_Master`
--

CREATE TABLE `Gst_Master` (
  `id` int(11) NOT NULL,
  `gst_master` double(40,2) NOT NULL,
  `cust_id` bigint(20) NOT NULL,
  `created_date` datetime NOT NULL
) ENGINE=InnoDB DEFAULT CHARSET=latin1;

--
-- Dumping data for table `Gst_Master`
--

INSERT INTO `Gst_Master` (`id`, `gst_master`, `cust_id`, `created_date`) VALUES
(5, 18.00, 2, '2019-09-30 05:39:04'),
(6, 28.00, 2, '2019-09-30 05:39:14'),
(7, 12.00, 2, '2019-09-30 05:39:21'),
(9, 5.00, 2, '2020-07-28 14:37:19');

-- --------------------------------------------------------

--
-- Table structure for table `Invoice_Master`
--

CREATE TABLE `Invoice_Master` (
  `id` bigint(20) NOT NULL,
  `userid` bigint(20) NOT NULL,
  `invoice_id` varchar(100) CHARACTER SET utf8 NOT NULL,
  `customer_name` varchar(500) CHARACTER SET utf8 NOT NULL,
  `customer_mobile` varchar(500) CHARACTER SET utf8 NOT NULL,
  `created_date` date NOT NULL
) ENGINE=InnoDB DEFAULT CHARSET=latin1;

-- --------------------------------------------------------

--
-- Table structure for table `Item_Details`
--

CREATE TABLE `Item_Details` (
  `id` bigint(20) NOT NULL,
  `userid` bigint(20) NOT NULL,
  `invoice_id` varchar(100) NOT NULL,
  `product_name` varchar(200) CHARACTER SET utf8 NOT NULL,
  `product_price` double(40,2) NOT NULL,
  `product_qty` varchar(200) CHARACTER SET utf8 NOT NULL,
  `created_date` datetime NOT NULL,
  `gst_perecent` double(40,2) NOT NULL,
  `gst_amount` double(40,2) NOT NULL
) ENGINE=InnoDB DEFAULT CHARSET=latin1;

-- --------------------------------------------------------

--
-- Table structure for table `Payment_Master`
--

CREATE TABLE `Payment_Master` (
  `id` bigint(20) NOT NULL,
  `payment_id` varchar(100) NOT NULL,
  `amount` double(40,2) NOT NULL,
  `userid` bigint(20) NOT NULL,
  `status` enum('Paid','Unpaid') NOT NULL,
  `created_date` datetime NOT NULL
) ENGINE=InnoDB DEFAULT CHARSET=latin1;

--
-- Dumping data for table `Payment_Master`
--

INSERT INTO `Payment_Master` (`id`, `payment_id`, `amount`, `userid`, `status`, `created_date`) VALUES
(1, '232458', 10000.00, 2, 'Paid', '2019-05-25 10:08:49');

-- --------------------------------------------------------

--
-- Table structure for table `Product_Master`
--

CREATE TABLE `Product_Master` (
  `id` int(11) NOT NULL,
  `userid` int(11) NOT NULL,
  `product_name` varchar(200) CHARACTER SET utf8 NOT NULL,
  `price` double(40,2) NOT NULL,
  `gst_rate` text NOT NULL,
  `created_date` datetime NOT NULL,
  `status` enum('Active','Deactive') NOT NULL
) ENGINE=InnoDB DEFAULT CHARSET=latin1;

--
-- Dumping data for table `Product_Master`
--

INSERT INTO `Product_Master` (`id`, `userid`, `product_name`, `price`, `gst_rate`, `created_date`, `status`) VALUES
(6, 2, 'Dell Wireless Mouse', 300.00, '18.00', '2019-09-30 05:40:14', 'Active'),
(7, 2, 'Keyboard', 100.00, '18.00', '2019-09-30 05:40:34', 'Active'),
(8, 2, 'Dell Wireless Keyboard', 300.00, '18.00', '2019-10-01 00:00:00', 'Active'),
(9, 2, 'Mobile', 10000.00, '5.00', '2020-07-28 14:55:13', 'Active'),
(10, 2, 'Laptop', 20000.00, '12.00', '2020-07-28 00:00:00', 'Active'),
(11, 2, 'Awant', 100.00, '0.00', '2020-07-29 00:00:00', 'Active'),
(12, 2, 'rogar', 200.00, '0.00', '2020-07-29 00:00:00', 'Active');

-- --------------------------------------------------------

--
-- Table structure for table `Purchase_Item`
--

CREATE TABLE `Purchase_Item` (
  `id` bigint(20) NOT NULL,
  `userid` int(11) NOT NULL,
  `qty` bigint(20) NOT NULL,
  `product_name` varchar(200) CHARACTER SET utf8 NOT NULL,
  `product_price` decimal(40,2) NOT NULL,
  `gst_rate` decimal(40,2) NOT NULL,
  `pid` bigint(20) NOT NULL,
  `dates` date NOT NULL
) ENGINE=InnoDB DEFAULT CHARSET=latin1;

--
-- Dumping data for table `Purchase_Item`
--

INSERT INTO `Purchase_Item` (`id`, `userid`, `qty`, `product_name`, `product_price`, `gst_rate`, `pid`, `dates`) VALUES
(1, 2, 1, 'Women Health', '20.00', '0.00', 1, '2019-09-19'),
(2, 2, 1, 'welth', '100.00', '30.00', 1, '2019-09-19'),
(3, 2, 2, 'VIRAJ HEARTCARE OIL MACHIENE1', '100.00', '30.00', 1, '2019-09-03'),
(4, 2, 30, 'Women Health', '22.00', '0.00', 2, '2019-09-19'),
(5, 2, 23, 'VIRAJ HEARTCARE OIL MACHIENE1', '20.00', '30.00', 2, '2019-09-19'),
(6, 2, 2, 'VIRAJ HEARTCARE OIL MACHIENE', '22.00', '6.00', 2, '2019-09-19'),
(7, 2, 12, 'Dell Wireless Keyboard', '300.00', '18.00', 3, '2019-10-01'),
(8, 2, 2, 'Keyboard', '200.00', '5.00', 4, '2020-07-28'),
(9, 2, 3, 'Laptop', '20000.00', '12.00', 4, '2020-07-28'),
(10, 2, 10, 'Awant', '100.00', '0.00', 5, '2020-07-29'),
(11, 2, 100, 'rogar', '200.00', '0.00', 5, '2020-07-29');

-- --------------------------------------------------------

--
-- Table structure for table `Purchase_Item_Temp`
--

CREATE TABLE `Purchase_Item_Temp` (
  `id` bigint(20) NOT NULL,
  `userid` int(11) NOT NULL,
  `qty` bigint(20) NOT NULL,
  `product_name` varchar(200) CHARACTER SET utf8 NOT NULL,
  `product_price` decimal(40,2) NOT NULL,
  `gst_rate` decimal(40,2) NOT NULL
) ENGINE=InnoDB DEFAULT CHARSET=latin1;

-- --------------------------------------------------------

--
-- Table structure for table `Purchase_Master`
--

CREATE TABLE `Purchase_Master` (
  `id` bigint(20) NOT NULL,
  `orderid` text NOT NULL,
  `userid` bigint(20) NOT NULL,
  `vendor_name` varchar(200) CHARACTER SET utf8 NOT NULL,
  `mobile_no` varchar(200) CHARACTER SET utf8 NOT NULL,
  `created_date` datetime NOT NULL
) ENGINE=InnoDB DEFAULT CHARSET=latin1;

--
-- Dumping data for table `Purchase_Master`
--

INSERT INTO `Purchase_Master` (`id`, `orderid`, `userid`, `vendor_name`, `mobile_no`, `created_date`) VALUES
(1, '21568654810', 2, 'Vijay Jadhav', '9158680769', '2019-09-16 19:26:50'),
(2, '21568655031', 2, 'vijay', '9123452343', '2019-09-16 19:30:31'),
(3, '21569938450', 2, 'Machindra Pawar', '9762753473', '2019-10-01 14:00:50'),
(4, '21595928406', 2, 'XYZ', '9158680769', '2020-07-28 14:56:46'),
(5, '21596008039', 2, 'ZYZ', '9158680769', '2020-07-29 13:03:59');

-- --------------------------------------------------------

--
-- Table structure for table `sales_Item`
--

CREATE TABLE `sales_Item` (
  `id` bigint(20) NOT NULL,
  `userid` int(11) NOT NULL,
  `qty` bigint(20) NOT NULL,
  `product_name` varchar(200) CHARACTER SET utf8 NOT NULL,
  `product_price` decimal(40,2) NOT NULL,
  `gst_rate` decimal(40,2) NOT NULL,
  `pid` bigint(20) NOT NULL,
  `dates` date NOT NULL
) ENGINE=InnoDB DEFAULT CHARSET=latin1;

--
-- Dumping data for table `sales_Item`
--

INSERT INTO `sales_Item` (`id`, `userid`, `qty`, `product_name`, `product_price`, `gst_rate`, `pid`, `dates`) VALUES
(1, 2, 4, 'Ponds Dreamflower', '65.00', '0.00', 4, '2019-09-19'),
(3, 2, 2, 'welth', '100.00', '0.00', 2, '2019-09-21'),
(4, 2, 6, 'VIRAJ HEARTCARE OIL MACHIENE', '100.00', '1.00', 2, '2019-09-21'),
(5, 2, 2, 'VIRAJ HEARTCARE OIL MACHIENE', '100.00', '0.00', 3, '2019-09-30'),
(6, 2, 1, 'Dell Wireless Mouse', '300.00', '0.00', 4, '2019-10-01'),
(7, 2, 1, 'Keyboard', '100.00', '18.00', 4, '2019-10-01'),
(8, 2, 4, 'Keyboard', '100.00', '18.00', 5, '2019-10-02'),
(9, 2, 1, 'Dell Wireless Keyboard', '300.00', '18.00', 5, '2019-10-02'),
(10, 2, 1, 'Dell Wireless Keyboard', '300.00', '18.00', 6, '2019-10-02'),
(11, 2, 2, 'Keyboard', '100.00', '5.00', 7, '2020-07-28'),
(12, 2, 1, 'Dell Wireless Keyboard', '300.00', '12.00', 7, '2020-07-28'),
(13, 2, 2, 'AAFAS', '10.00', '0.00', 8, '2020-07-29');

-- --------------------------------------------------------

--
-- Table structure for table `sale_Item_Temp`
--

CREATE TABLE `sale_Item_Temp` (
  `id` bigint(20) NOT NULL,
  `userid` int(11) NOT NULL,
  `qty` bigint(20) NOT NULL,
  `product_name` varchar(200) CHARACTER SET utf8 NOT NULL,
  `product_price` decimal(40,2) NOT NULL,
  `gst_rate` decimal(40,2) NOT NULL
) ENGINE=InnoDB DEFAULT CHARSET=latin1;

-- --------------------------------------------------------

--
-- Table structure for table `Sale_Master`
--

CREATE TABLE `Sale_Master` (
  `id` bigint(20) NOT NULL,
  `orderid` text NOT NULL,
  `userid` bigint(20) NOT NULL,
  `vendor_name` varchar(200) CHARACTER SET utf8 NOT NULL,
  `mobile_no` varchar(200) CHARACTER SET utf8 NOT NULL,
  `created_date` datetime NOT NULL
) ENGINE=InnoDB DEFAULT CHARSET=latin1;

--
-- Dumping data for table `Sale_Master`
--

INSERT INTO `Sale_Master` (`id`, `orderid`, `userid`, `vendor_name`, `mobile_no`, `created_date`) VALUES
(2, '21569043987', 2, 'mohan jadhav', '9158680769', '2019-09-21 07:33:07'),
(3, '21569810216', 2, 'Vijay', '9158680769', '2019-09-30 02:23:36'),
(4, '21569937964', 2, 'Machindra Pawar', '9762753473', '2019-10-01 13:52:44'),
(5, '21570026887', 2, 'Anand', '8776509877', '2019-10-02 14:34:47'),
(6, '21570026965', 2, 'Anand', '7218828565', '2019-10-02 14:36:05'),
(7, '21595928538', 2, 'pqr', '9158680769', '2020-07-28 14:58:58'),
(8, '21596008131', 2, 'NAYAKAMAR', '9158680769', '2020-07-29 13:05:31');

-- --------------------------------------------------------

--
-- Table structure for table `tbl_terms_condition`
--

CREATE TABLE `tbl_terms_condition` (
  `id` bigint(20) NOT NULL,
  `details` text CHARACTER SET utf8 NOT NULL,
  `userid` text NOT NULL,
  `CREATED_DATE` date NOT NULL
) ENGINE=InnoDB DEFAULT CHARSET=latin1;

--
-- Dumping data for table `tbl_terms_condition`
--

INSERT INTO `tbl_terms_condition` (`id`, `details`, `userid`, `CREATED_DATE`) VALUES
(2, 'Goods damaged During transit voids warranty.', '2', '2019-09-18'),
(3, 'Goods damaged During transit voids warranty.', '2', '2019-09-18');

-- --------------------------------------------------------

--
-- Table structure for table `tb_city`
--

CREATE TABLE `tb_city` (
  `city_id` int(11) NOT NULL,
  `city` varchar(30) NOT NULL,
  `state_id` int(11) NOT NULL,
  `top_city` int(11) DEFAULT NULL
) ENGINE=InnoDB DEFAULT CHARSET=latin1;

--
-- Dumping data for table `tb_city`
--

INSERT INTO `tb_city` (`city_id`, `city`, `state_id`, `top_city`) VALUES
(1, 'Bombuflat', 1, NULL),
(2, 'Garacharma', 1, NULL),
(3, 'Port Blair', 1, NULL),
(4, 'Rangat', 1, NULL),
(5, 'Addanki', 2, NULL),
(6, 'Adivivaram', 2, NULL),
(7, 'Adoni', 2, NULL),
(8, 'Aganampudi', 2, NULL),
(9, 'Ajjaram', 2, NULL),
(10, 'Akividu', 2, NULL),
(11, 'Akkarampalle', 2, NULL),
(12, 'Akkayapalle', 2, NULL),
(13, 'Akkireddipalem', 2, NULL),
(14, 'Alampur', 2, NULL),
(15, 'Amalapuram', 2, NULL),
(16, 'Amudalavalasa', 2, NULL),
(17, 'Amur', 2, NULL),
(18, 'Anakapalle', 2, NULL),
(19, 'Anantapur', 2, NULL),
(20, 'Andole', 2, NULL),
(21, 'Atmakur', 2, NULL),
(22, 'Attili', 2, NULL),
(23, 'Avanigadda', 2, NULL),
(24, 'Badepalli', 2, NULL),
(25, 'Badvel', 2, NULL),
(26, 'Balapur', 2, NULL),
(27, 'Bandarulanka', 2, NULL),
(28, 'Banganapalle', 2, NULL),
(29, 'Bapatla', 2, NULL),
(30, 'Bapulapadu', 2, NULL),
(31, 'Belampalli', 2, NULL),
(32, 'Bestavaripeta', 2, NULL),
(33, 'Betamcherla', 2, NULL),
(34, 'Bhattiprolu', 2, NULL),
(35, 'Bhimavaram', 2, NULL),
(36, 'Bhimunipatnam', 2, NULL),
(37, 'Bobbili', 2, NULL),
(38, 'Bombuflat', 2, NULL),
(39, 'Bommuru', 2, NULL),
(40, 'Bugganipalle', 2, NULL),
(41, 'Challapalle', 2, NULL),
(42, 'Chandur', 2, NULL),
(43, 'Chatakonda', 2, NULL),
(44, 'Chemmumiahpet', 2, NULL),
(45, 'Chidiga', 2, NULL),
(46, 'Chilakaluripet', 2, NULL),
(47, 'Chimakurthy', 2, NULL),
(48, 'Chinagadila', 2, NULL),
(49, 'Chinagantyada', 2, NULL),
(50, 'Chinnachawk', 2, NULL),
(51, 'Chintalavalasa', 2, NULL),
(52, 'Chipurupalle', 2, NULL),
(53, 'Chirala', 2, NULL),
(54, 'Chittoor', 2, NULL),
(55, 'Chodavaram', 2, NULL),
(56, 'Choutuppal', 2, NULL),
(57, 'Chunchupalle', 2, NULL),
(58, 'Cuddapah', 2, NULL),
(59, 'Cumbum', 2, NULL),
(60, 'Darnakal', 2, NULL),
(61, 'Dasnapur', 2, NULL),
(62, 'Dauleshwaram', 2, NULL),
(63, 'Dharmavaram', 2, NULL),
(64, 'Dhone', 2, NULL),
(65, 'Dommara Nandyal', 2, NULL),
(66, 'Dowlaiswaram', 2, NULL),
(67, 'East Godavari Dist.', 2, NULL),
(68, 'Eddumailaram', 2, NULL),
(69, 'Edulapuram', 2, NULL),
(70, 'Ekambara kuppam', 2, NULL),
(71, 'Eluru', 2, NULL),
(72, 'Enikapadu', 2, NULL),
(73, 'Fakirtakya', 2, NULL),
(74, 'Farrukhnagar', 2, NULL),
(75, 'Gaddiannaram', 2, NULL),
(76, 'Gajapathinagaram', 2, NULL),
(77, 'Gajularega', 2, NULL),
(78, 'Gajuvaka', 2, NULL),
(79, 'Gannavaram', 2, NULL),
(80, 'Garacharma', 2, NULL),
(81, 'Garimellapadu', 2, NULL),
(82, 'Giddalur', 2, NULL),
(83, 'Godavarikhani', 2, NULL),
(84, 'Gopalapatnam', 2, NULL),
(85, 'Gopalur', 2, NULL),
(86, 'Gorrekunta', 2, NULL),
(87, 'Gudivada', 2, NULL),
(88, 'Gudur', 2, NULL),
(89, 'Guntakal', 2, NULL),
(90, 'Guntur', 2, NULL),
(91, 'Guti', 2, NULL),
(92, 'Hindupur', 2, NULL),
(93, 'Hukumpeta', 2, NULL),
(94, 'Ichchapuram', 2, NULL),
(95, 'Isnapur', 2, NULL),
(96, 'Jaggayyapeta', 2, NULL),
(97, 'Jallaram Kamanpur', 2, NULL),
(98, 'Jammalamadugu', 2, NULL),
(99, 'Jangampalli', 2, NULL),
(100, 'Jarjapupeta', 2, NULL),
(101, 'Kadiri', 2, NULL),
(102, 'Kaikalur', 2, NULL),
(103, 'Kakinada', 2, NULL),
(104, 'Kallur', 2, NULL),
(105, 'Kalyandurg', 2, NULL),
(106, 'Kamalapuram', 2, NULL),
(107, 'Kamareddi', 2, NULL),
(108, 'Kanapaka', 2, NULL),
(109, 'Kanigiri', 2, NULL),
(110, 'Kanithi', 2, NULL),
(111, 'Kankipadu', 2, NULL),
(112, 'Kantabamsuguda', 2, NULL),
(113, 'Kanuru', 2, NULL),
(114, 'Karnul', 2, NULL),
(115, 'Katheru', 2, NULL),
(116, 'Kavali', 2, NULL),
(117, 'Kazipet', 2, NULL),
(118, 'Khanapuram Haveli', 2, NULL),
(119, 'Kodar', 2, NULL),
(120, 'Kollapur', 2, NULL),
(121, 'Kondapalem', 2, NULL),
(122, 'Kondapalle', 2, NULL),
(123, 'Kondukur', 2, NULL),
(124, 'Kosgi', 2, NULL),
(125, 'Kothavalasa', 2, NULL),
(126, 'Kottapalli', 2, NULL),
(127, 'Kovur', 2, NULL),
(128, 'Kovurpalle', 2, NULL),
(129, 'Kovvur', 2, NULL),
(130, 'Krishna', 2, NULL),
(131, 'Kuppam', 2, NULL),
(132, 'Kurmannapalem', 2, NULL),
(133, 'Kurnool', 2, NULL),
(134, 'Lakshettipet', 2, NULL),
(135, 'Lalbahadur Nagar', 2, NULL),
(136, 'Machavaram', 2, NULL),
(137, 'Macherla', 2, NULL),
(138, 'Machilipatnam', 2, NULL),
(139, 'Madanapalle', 2, NULL),
(140, 'Madaram', 2, NULL),
(141, 'Madhuravada', 2, NULL),
(142, 'Madikonda', 2, NULL),
(143, 'Madugule', 2, NULL),
(144, 'Mahabubnagar', 2, NULL),
(145, 'Mahbubabad', 2, NULL),
(146, 'Malkajgiri', 2, NULL),
(147, 'Mamilapalle', 2, NULL),
(148, 'Mancheral', 2, NULL),
(149, 'Mandapeta', 2, NULL),
(150, 'Mandasa', 2, NULL),
(151, 'Mangalagiri', 2, NULL),
(152, 'Manthani', 2, NULL),
(153, 'Markapur', 2, NULL),
(154, 'Marturu', 2, NULL),
(155, 'Metpalli', 2, NULL),
(156, 'Mindi', 2, NULL),
(157, 'Mirpet', 2, NULL),
(158, 'Moragudi', 2, NULL),
(159, 'Mothugudam', 2, NULL),
(160, 'Nagari', 2, NULL),
(161, 'Nagireddipalle', 2, NULL),
(162, 'Nandigama', 2, NULL),
(163, 'Nandikotkur', 2, NULL),
(164, 'Nandyal', 2, NULL),
(165, 'Narasannapeta', 2, NULL),
(166, 'Narasapur', 2, NULL),
(167, 'Narasaraopet', 2, NULL),
(168, 'Narayanavanam', 2, NULL),
(169, 'Narsapur', 2, NULL),
(170, 'Narsingi', 2, NULL),
(171, 'Narsipatnam', 2, NULL),
(172, 'Naspur', 2, NULL),
(173, 'Nathayyapalem', 2, NULL),
(174, 'Nayudupeta', 2, NULL),
(175, 'Nelimaria', 2, NULL),
(176, 'Nellore', 2, NULL),
(177, 'Nidadavole', 2, NULL),
(178, 'Nuzvid', 2, NULL),
(179, 'Omerkhan daira', 2, NULL),
(180, 'Ongole', 2, NULL),
(181, 'Osmania University', 2, NULL),
(182, 'Pakala', 2, NULL),
(183, 'Palakole', 2, NULL),
(184, 'Palakurthi', 2, NULL),
(185, 'Palasa', 2, NULL),
(186, 'Palempalle', 2, NULL),
(187, 'Palkonda', 2, NULL),
(188, 'Palmaner', 2, NULL),
(189, 'Pamur', 2, NULL),
(190, 'Panjim', 2, NULL),
(191, 'Papampeta', 2, NULL),
(192, 'Parasamba', 2, NULL),
(193, 'Parvatipuram', 2, NULL),
(194, 'Patancheru', 2, NULL),
(195, 'Payakaraopet', 2, NULL),
(196, 'Pedagantyada', 2, NULL),
(197, 'Pedana', 2, NULL),
(198, 'Peddapuram', 2, NULL),
(199, 'Pendurthi', 2, NULL),
(200, 'Penugonda', 2, NULL),
(201, 'Penukonda', 2, NULL),
(202, 'Phirangipuram', 2, NULL),
(203, 'Pithapuram', 2, NULL),
(204, 'Ponnur', 2, NULL),
(205, 'Port Blair', 2, NULL),
(206, 'Pothinamallayyapalem', 2, NULL),
(207, 'Prakasam', 2, NULL),
(208, 'Prasadampadu', 2, NULL),
(209, 'Prasantinilayam', 2, NULL),
(210, 'Proddatur', 2, NULL),
(211, 'Pulivendla', 2, NULL),
(212, 'Punganuru', 2, NULL),
(213, 'Puttur', 2, NULL),
(214, 'Qutubullapur', 2, NULL),
(215, 'Rajahmundry', 2, NULL),
(216, 'Rajamahendri', 2, NULL),
(217, 'Rajampet', 2, NULL),
(218, 'Rajendranagar', 2, NULL),
(219, 'Rajoli', 2, NULL),
(220, 'Ramachandrapuram', 2, NULL),
(221, 'Ramanayyapeta', 2, NULL),
(222, 'Ramapuram', 2, NULL),
(223, 'Ramarajupalli', 2, NULL),
(224, 'Ramavarappadu', 2, NULL),
(225, 'Rameswaram', 2, NULL),
(226, 'Rampachodavaram', 2, NULL),
(227, 'Ravulapalam', 2, NULL),
(228, 'Rayachoti', 2, NULL),
(229, 'Rayadrug', 2, NULL),
(230, 'Razam', 2, NULL),
(231, 'Razole', 2, NULL),
(232, 'Renigunta', 2, NULL),
(233, 'Repalle', 2, NULL),
(234, 'Rishikonda', 2, NULL),
(235, 'Salur', 2, NULL),
(236, 'Samalkot', 2, NULL),
(237, 'Sattenapalle', 2, NULL),
(238, 'Seetharampuram', 2, NULL),
(239, 'Serilungampalle', 2, NULL),
(240, 'Shankarampet', 2, NULL),
(241, 'Shar', 2, NULL),
(242, 'Singarayakonda', 2, NULL),
(243, 'Sirpur', 2, NULL),
(244, 'Sirsilla', 2, NULL),
(245, 'Sompeta', 2, NULL),
(246, 'Sriharikota', 2, NULL),
(247, 'Srikakulam', 2, NULL),
(248, 'Srikalahasti', 2, NULL),
(249, 'Sriramnagar', 2, NULL),
(250, 'Sriramsagar', 2, NULL),
(251, 'Srisailam', 2, NULL),
(252, 'Srisailamgudem Devasthanam', 2, NULL),
(253, 'Sulurpeta', 2, NULL),
(254, 'Suriapet', 2, NULL),
(255, 'Suryaraopet', 2, NULL),
(256, 'Tadepalle', 2, NULL),
(257, 'Tadepalligudem', 2, NULL),
(258, 'Tadpatri', 2, NULL),
(259, 'Tallapalle', 2, NULL),
(260, 'Tanuku', 2, NULL),
(261, 'Tekkali', 2, NULL),
(262, 'Tenali', 2, NULL),
(263, 'Tigalapahad', 2, NULL),
(264, 'Tiruchanur', 2, NULL),
(265, 'Tirumala', 2, NULL),
(266, 'Tirupati', 2, NULL),
(267, 'Tirvuru', 2, NULL),
(268, 'Trimulgherry', 2, NULL),
(269, 'Tuni', 2, NULL),
(270, 'Turangi', 2, NULL),
(271, 'Ukkayapalli', 2, NULL),
(272, 'Ukkunagaram', 2, NULL),
(273, 'Uppal Kalan', 2, NULL),
(274, 'Upper Sileru', 2, NULL),
(275, 'Uravakonda', 2, NULL),
(276, 'Vadlapudi', 2, NULL),
(277, 'Vaparala', 2, NULL),
(278, 'Vemalwada', 2, NULL),
(279, 'Venkatagiri', 2, NULL),
(280, 'Venkatapuram', 2, NULL),
(281, 'Vepagunta', 2, NULL),
(282, 'Vetapalem', 2, NULL),
(283, 'Vijayapuri', 2, NULL),
(284, 'Vijayapuri South', 2, NULL),
(285, 'Vijayawada', 2, NULL),
(286, 'Vinukonda', 2, NULL),
(287, 'Visakhapatnam', 2, NULL),
(288, 'Vizianagaram', 2, NULL),
(289, 'Vuyyuru', 2, NULL),
(290, 'Wanparti', 2, NULL),
(291, 'West Godavari Dist.', 2, NULL),
(292, 'Yadagirigutta', 2, NULL),
(293, 'Yarada', 2, NULL),
(294, 'Yellamanchili', 2, NULL),
(295, 'Yemmiganur', 2, NULL),
(296, 'Yenamalakudru', 2, NULL),
(297, 'Yendada', 2, NULL),
(298, 'Yerraguntla', 2, NULL),
(299, 'Along', 3, NULL),
(300, 'Basar', 3, NULL),
(301, 'Bondila', 3, NULL),
(302, 'Changlang', 3, NULL),
(303, 'Daporijo', 3, NULL),
(304, 'Deomali', 3, NULL),
(305, 'Itanagar', 3, NULL),
(306, 'Jairampur', 3, NULL),
(307, 'Khonsa', 3, NULL),
(308, 'Naharlagun', 3, NULL),
(309, 'Namsai', 3, NULL),
(310, 'Pasighat', 3, NULL),
(311, 'Roing', 3, NULL),
(312, 'Seppa', 3, NULL),
(313, 'Tawang', 3, NULL),
(314, 'Tezu', 3, NULL),
(315, 'Ziro', 3, NULL),
(316, 'Abhayapuri', 4, NULL),
(317, 'Ambikapur', 4, NULL),
(318, 'Amguri', 4, NULL),
(319, 'Anand Nagar', 4, NULL),
(320, 'Badarpur', 4, NULL),
(321, 'Badarpur Railway Town', 4, NULL),
(322, 'Bahbari Gaon', 4, NULL),
(323, 'Bamun Sualkuchi', 4, NULL),
(324, 'Barbari', 4, NULL),
(325, 'Barpathar', 4, NULL),
(326, 'Barpeta', 4, NULL),
(327, 'Barpeta Road', 4, NULL),
(328, 'Basugaon', 4, NULL),
(329, 'Bihpuria', 4, NULL),
(330, 'Bijni', 4, NULL),
(331, 'Bilasipara', 4, NULL),
(332, 'Biswanath Chariali', 4, NULL),
(333, 'Bohori', 4, NULL),
(334, 'Bokajan', 4, NULL),
(335, 'Bokokhat', 4, NULL),
(336, 'Bongaigaon', 4, NULL),
(337, 'Bongaigaon Petro-chemical Town', 4, NULL),
(338, 'Borgolai', 4, NULL),
(339, 'Chabua', 4, NULL),
(340, 'Chandrapur Bagicha', 4, NULL),
(341, 'Chapar', 4, NULL),
(342, 'Chekonidhara', 4, NULL),
(343, 'Choto Haibor', 4, NULL),
(344, 'Dergaon', 4, NULL),
(345, 'Dharapur', 4, NULL),
(346, 'Dhekiajuli', 4, NULL),
(347, 'Dhemaji', 4, NULL),
(348, 'Dhing', 4, NULL),
(349, 'Dhubri', 4, NULL),
(350, 'Dhuburi', 4, NULL),
(351, 'Dibrugarh', 4, NULL),
(352, 'Digboi', 4, NULL),
(353, 'Digboi Oil Town', 4, NULL),
(354, 'Dimaruguri', 4, NULL),
(355, 'Diphu', 4, NULL),
(356, 'Dispur', 4, NULL),
(357, 'Doboka', 4, NULL),
(358, 'Dokmoka', 4, NULL),
(359, 'Donkamokan', 4, NULL),
(360, 'Duliagaon', 4, NULL),
(361, 'Duliajan', 4, NULL),
(362, 'Duliajan No.1', 4, NULL),
(363, 'Dum Duma', 4, NULL),
(364, 'Durga Nagar', 4, NULL),
(365, 'Gauripur', 4, NULL),
(366, 'Goalpara', 4, NULL),
(367, 'Gohpur', 4, NULL),
(368, 'Golaghat', 4, NULL),
(369, 'Golakganj', 4, NULL),
(370, 'Gossaigaon', 4, NULL),
(371, 'Guwahati', 4, NULL),
(372, 'Haflong', 4, NULL),
(373, 'Hailakandi', 4, NULL),
(374, 'Hamren', 4, NULL),
(375, 'Hauli', 4, NULL),
(376, 'Hauraghat', 4, NULL),
(377, 'Hojai', 4, NULL),
(378, 'Jagiroad', 4, NULL),
(379, 'Jagiroad Paper Mill', 4, NULL),
(380, 'Jogighopa', 4, NULL),
(381, 'Jonai Bazar', 4, NULL),
(382, 'Jorhat', 4, NULL),
(383, 'Kampur Town', 4, NULL),
(384, 'Kamrup', 4, NULL),
(385, 'Kanakpur', 4, NULL),
(386, 'Karimganj', 4, NULL),
(387, 'Kharijapikon', 4, NULL),
(388, 'Kharupetia', 4, NULL),
(389, 'Kochpara', 4, NULL),
(390, 'Kokrajhar', 4, NULL),
(391, 'Kumar Kaibarta Gaon', 4, NULL),
(392, 'Lakhimpur', 4, NULL),
(393, 'Lakhipur', 4, NULL),
(394, 'Lala', 4, NULL),
(395, 'Lanka', 4, NULL),
(396, 'Lido Tikok', 4, NULL),
(397, 'Lido Town', 4, NULL),
(398, 'Lumding', 4, NULL),
(399, 'Lumding Railway Colony', 4, NULL),
(400, 'Mahur', 4, NULL),
(401, 'Maibong', 4, NULL),
(402, 'Majgaon', 4, NULL),
(403, 'Makum', 4, NULL),
(404, 'Mangaldai', 4, NULL),
(405, 'Mankachar', 4, NULL),
(406, 'Margherita', 4, NULL),
(407, 'Mariani', 4, NULL),
(408, 'Marigaon', 4, NULL),
(409, 'Moran', 4, NULL),
(410, 'Moranhat', 4, NULL),
(411, 'Nagaon', 4, NULL),
(412, 'Naharkatia', 4, NULL),
(413, 'Nalbari', 4, NULL),
(414, 'Namrup', 4, NULL),
(415, 'Naubaisa Gaon', 4, NULL),
(416, 'Nazira', 4, NULL),
(417, 'New Bongaigaon Railway Colony', 4, NULL),
(418, 'Niz-Hajo', 4, NULL),
(419, 'North Guwahati', 4, NULL),
(420, 'Numaligarh', 4, NULL),
(421, 'Palasbari', 4, NULL),
(422, 'Panchgram', 4, NULL),
(423, 'Pathsala', 4, NULL),
(424, 'Raha', 4, NULL),
(425, 'Rangapara', 4, NULL),
(426, 'Rangia', 4, NULL),
(427, 'Salakati', 4, NULL),
(428, 'Sapatgram', 4, NULL),
(429, 'Sarthebari', 4, NULL),
(430, 'Sarupathar', 4, NULL),
(431, 'Sarupathar Bengali', 4, NULL),
(432, 'Senchoagaon', 4, NULL),
(433, 'Sibsagar', 4, NULL),
(434, 'Silapathar', 4, NULL),
(435, 'Silchar', 4, NULL),
(436, 'Silchar Part-X', 4, NULL),
(437, 'Sonari', 4, NULL),
(438, 'Sorbhog', 4, NULL),
(439, 'Sualkuchi', 4, NULL),
(440, 'Tangla', 4, NULL),
(441, 'Tezpur', 4, NULL),
(442, 'Tihu', 4, NULL),
(443, 'Tinsukia', 4, NULL),
(444, 'Titabor', 4, NULL),
(445, 'Udalguri', 4, NULL),
(446, 'Umrangso', 4, NULL),
(447, 'Uttar Krishnapur Part-I', 4, NULL),
(448, 'Amarpur', 5, NULL),
(449, 'Ara', 5, NULL),
(450, 'Araria', 5, NULL),
(451, 'Areraj', 5, NULL),
(452, 'Asarganj', 5, NULL),
(453, 'Aurangabad', 5, NULL),
(454, 'Bagaha', 5, NULL),
(455, 'Bahadurganj', 5, NULL),
(456, 'Bairgania', 5, NULL),
(457, 'Bakhtiyarpur', 5, NULL),
(458, 'Banka', 5, NULL),
(459, 'Banmankhi', 5, NULL),
(460, 'Bar Bigha', 5, NULL),
(461, 'Barauli', 5, NULL),
(462, 'Barauni Oil Township', 5, NULL),
(463, 'Barh', 5, NULL),
(464, 'Barhiya', 5, NULL),
(465, 'Bariapur', 5, NULL),
(466, 'Baruni', 5, NULL),
(467, 'Begusarai', 5, NULL),
(468, 'Behea', 5, NULL),
(469, 'Belsand', 5, NULL),
(470, 'Bettiah', 5, NULL),
(471, 'Bhabua', 5, NULL),
(472, 'Bhagalpur', 5, NULL),
(473, 'Bhimnagar', 5, NULL),
(474, 'Bhojpur', 5, NULL),
(475, 'Bihar', 5, NULL),
(476, 'Bihar Sharif', 5, NULL),
(477, 'Bihariganj', 5, NULL),
(478, 'Bikramganj', 5, NULL),
(479, 'Birpur', 5, NULL),
(480, 'Bodh Gaya', 5, NULL),
(481, 'Buxar', 5, NULL),
(482, 'Chakia', 5, NULL),
(483, 'Chanpatia', 5, NULL),
(484, 'Chhapra', 5, NULL),
(485, 'Chhatapur', 5, NULL),
(486, 'Colgong', 5, NULL),
(487, 'Dalsingh Sarai', 5, NULL),
(488, 'Darbhanga', 5, NULL),
(489, 'Daudnagar', 5, NULL),
(490, 'Dehri', 5, NULL),
(491, 'Dhaka', 5, NULL),
(492, 'Dighwara', 5, NULL),
(493, 'Dinapur', 5, NULL),
(494, 'Dinapur Cantonment', 5, NULL),
(495, 'Dumra', 5, NULL),
(496, 'Dumraon', 5, NULL),
(497, 'Fatwa', 5, NULL),
(498, 'Forbesganj', 5, NULL),
(499, 'Gaya', 5, NULL),
(500, 'Gazipur', 5, NULL),
(501, 'Ghoghardiha', 5, NULL),
(502, 'Gogri Jamalpur', 5, NULL),
(503, 'Gopalganj', 5, NULL),
(504, 'Habibpur', 5, NULL),
(505, 'Hajipur', 5, NULL),
(506, 'Hasanpur', 5, NULL),
(507, 'Hazaribagh', 5, NULL),
(508, 'Hilsa', 5, NULL),
(509, 'Hisua', 5, NULL),
(510, 'Islampur', 5, NULL),
(511, 'Jagdispur', 5, NULL),
(512, 'Jahanabad', 5, NULL),
(513, 'Jamalpur', 5, NULL),
(514, 'Jamhaur', 5, NULL),
(515, 'Jamui', 5, NULL),
(516, 'Janakpur Road', 5, NULL),
(517, 'Janpur', 5, NULL),
(518, 'Jaynagar', 5, NULL),
(519, 'Jha Jha', 5, NULL),
(520, 'Jhanjharpur', 5, NULL),
(521, 'Jogbani', 5, NULL),
(522, 'Kanti', 5, NULL),
(523, 'Kasba', 5, NULL),
(524, 'Kataiya', 5, NULL),
(525, 'Katihar', 5, NULL),
(526, 'Khagaria', 5, NULL),
(527, 'Khagaul', 5, NULL),
(528, 'Kharagpur', 5, NULL),
(529, 'Khusrupur', 5, NULL),
(530, 'Kishanganj', 5, NULL),
(531, 'Koath', 5, NULL),
(532, 'Koilwar', 5, NULL),
(533, 'Lakhisarai', 5, NULL),
(534, 'Lalganj', 5, NULL),
(535, 'Lauthaha', 5, NULL),
(536, 'Madhepura', 5, NULL),
(537, 'Madhubani', 5, NULL),
(538, 'Maharajganj', 5, NULL),
(539, 'Mahnar Bazar', 5, NULL),
(540, 'Mairwa', 5, NULL),
(541, 'Makhdumpur', 5, NULL),
(542, 'Maner', 5, NULL),
(543, 'Manihari', 5, NULL),
(544, 'Marhaura', 5, NULL),
(545, 'Masaurhi', 5, NULL),
(546, 'Mirganj', 5, NULL),
(547, 'Mohiuddinagar', 5, NULL),
(548, 'Mokama', 5, NULL),
(549, 'Motihari', 5, NULL),
(550, 'Motipur', 5, NULL),
(551, 'Munger', 5, NULL),
(552, 'Murliganj', 5, NULL),
(553, 'Muzaffarpur', 5, NULL),
(554, 'Nabinagar', 5, NULL),
(555, 'Narkatiaganj', 5, NULL),
(556, 'Nasriganj', 5, NULL),
(557, 'Natwar', 5, NULL),
(558, 'Naugachhia', 5, NULL),
(559, 'Nawada', 5, NULL),
(560, 'Nirmali', 5, NULL),
(561, 'Nokha', 5, NULL),
(562, 'Paharpur', 5, NULL),
(563, 'Patna', 5, NULL),
(564, 'Phulwari', 5, NULL),
(565, 'Piro', 5, NULL),
(566, 'Purnia', 5, NULL),
(567, 'Pusa', 5, NULL),
(568, 'Rafiganj', 5, NULL),
(569, 'Raghunathpur', 5, NULL),
(570, 'Rajgir', 5, NULL),
(571, 'Ramnagar', 5, NULL),
(572, 'Raxaul', 5, NULL),
(573, 'Revelganj', 5, NULL),
(574, 'Rusera', 5, NULL),
(575, 'Sagauli', 5, NULL),
(576, 'Saharsa', 5, NULL),
(577, 'Samastipur', 5, NULL),
(578, 'Sasaram', 5, NULL),
(579, 'Shahpur', 5, NULL),
(580, 'Shaikhpura', 5, NULL),
(581, 'Sherghati', 5, NULL),
(582, 'Shivhar', 5, NULL),
(583, 'Silao', 5, NULL),
(584, 'Sitamarhi', 5, NULL),
(585, 'Siwan', 5, NULL),
(586, 'Sonepur', 5, NULL),
(587, 'Sultanganj', 5, NULL),
(588, 'Supaul', 5, NULL),
(589, 'Teghra', 5, NULL),
(590, 'Tekari', 5, NULL),
(591, 'Thakurganj', 5, NULL),
(592, 'Vaishali', 5, NULL),
(593, 'Waris Aliganj', 5, NULL),
(594, 'Chandigarh', 6, NULL),
(595, 'Ahiwara', 7, NULL),
(596, 'Akaltara', 7, NULL),
(597, 'Ambagarh Chauki', 7, NULL),
(598, 'Ambikapur', 7, NULL),
(599, 'Arang', 7, NULL),
(600, 'Bade Bacheli', 7, NULL),
(601, 'Bagbahara', 7, NULL),
(602, 'Baikunthpur', 7, NULL),
(603, 'Balod', 7, NULL),
(604, 'Baloda', 7, NULL),
(605, 'Baloda Bazar', 7, NULL),
(606, 'Banarsi', 7, NULL),
(607, 'Basna', 7, NULL),
(608, 'Bemetra', 7, NULL),
(609, 'Bhanpuri', 7, NULL),
(610, 'Bhatapara', 7, NULL),
(611, 'Bhatgaon', 7, NULL),
(612, 'Bhilai', 7, NULL),
(613, 'Bilaspur', 7, NULL),
(614, 'Bilha', 7, NULL),
(615, 'Birgaon', 7, NULL),
(616, 'Bodri', 7, NULL),
(617, 'Champa', 7, NULL),
(618, 'Charcha', 7, NULL),
(619, 'Charoda', 7, NULL),
(620, 'Chhuikhadan', 7, NULL),
(621, 'Chirmiri', 7, NULL),
(622, 'Dantewada', 7, NULL),
(623, 'Deori', 7, NULL),
(624, 'Dhamdha', 7, NULL),
(625, 'Dhamtari', 7, NULL),
(626, 'Dharamjaigarh', 7, NULL),
(627, 'Dipka', 7, NULL),
(628, 'Doman Hill Colliery', 7, NULL),
(629, 'Dongargaon', 7, NULL),
(630, 'Dongragarh', 7, NULL),
(631, 'Durg', 7, NULL),
(632, 'Frezarpur', 7, NULL),
(633, 'Gandai', 7, NULL),
(634, 'Gariaband', 7, NULL),
(635, 'Gaurela', 7, NULL),
(636, 'Gelhapani', 7, NULL),
(637, 'Gharghoda', 7, NULL),
(638, 'Gidam', 7, NULL),
(639, 'Gobra Nawapara', 7, NULL),
(640, 'Gogaon', 7, NULL),
(641, 'Hatkachora', 7, NULL),
(642, 'Jagdalpur', 7, NULL),
(643, 'Jamui', 7, NULL),
(644, 'Jashpurnagar', 7, NULL),
(645, 'Jhagrakhand', 7, NULL),
(646, 'Kanker', 7, NULL),
(647, 'Katghora', 7, NULL),
(648, 'Kawardha', 7, NULL),
(649, 'Khairagarh', 7, NULL),
(650, 'Khamhria', 7, NULL),
(651, 'Kharod', 7, NULL),
(652, 'Kharsia', 7, NULL),
(653, 'Khonga Pani', 7, NULL),
(654, 'Kirandu', 7, NULL),
(655, 'Kirandul', 7, NULL),
(656, 'Kohka', 7, NULL),
(657, 'Kondagaon', 7, NULL),
(658, 'Korba', 7, NULL),
(659, 'Korea', 7, NULL),
(660, 'Koria Block', 7, NULL),
(661, 'Kota', 7, NULL),
(662, 'Kumhari', 7, NULL),
(663, 'Kumud Katta', 7, NULL),
(664, 'Kurasia', 7, NULL),
(665, 'Kurud', 7, NULL),
(666, 'Lingiyadih', 7, NULL),
(667, 'Lormi', 7, NULL),
(668, 'Mahasamund', 7, NULL),
(669, 'Mahendragarh', 7, NULL),
(670, 'Mehmand', 7, NULL),
(671, 'Mongra', 7, NULL),
(672, 'Mowa', 7, NULL),
(673, 'Mungeli', 7, NULL),
(674, 'Nailajanjgir', 7, NULL),
(675, 'Namna Kalan', 7, NULL),
(676, 'Naya Baradwar', 7, NULL),
(677, 'Pandariya', 7, NULL),
(678, 'Patan', 7, NULL),
(679, 'Pathalgaon', 7, NULL),
(680, 'Pendra', 7, NULL),
(681, 'Phunderdihari', 7, NULL),
(682, 'Pithora', 7, NULL),
(683, 'Raigarh', 7, NULL),
(684, 'Raipur', 7, NULL),
(685, 'Rajgamar', 7, NULL),
(686, 'Rajhara', 7, NULL),
(687, 'Rajnandgaon', 7, NULL),
(688, 'Ramanuj Ganj', 7, NULL),
(689, 'Ratanpur', 7, NULL),
(690, 'Sakti', 7, NULL),
(691, 'Saraipali', 7, NULL),
(692, 'Sarajpur', 7, NULL),
(693, 'Sarangarh', 7, NULL),
(694, 'Shivrinarayan', 7, NULL),
(695, 'Simga', 7, NULL),
(696, 'Sirgiti', 7, NULL),
(697, 'Takhatpur', 7, NULL),
(698, 'Telgaon', 7, NULL),
(699, 'Tildanewra', 7, NULL),
(700, 'Urla', 7, NULL),
(701, 'Vishrampur', 7, NULL),
(702, 'Amli', 8, NULL),
(703, 'Silvassa', 8, NULL),
(704, 'Daman', 9, NULL),
(705, 'Diu', 9, NULL),
(706, 'North West Delhi', 10, 11),
(707, 'North Delhi', 10, 11),
(708, 'Aldona', 11, NULL),
(709, 'Altinho', 11, NULL),
(710, 'Aquem', 11, NULL),
(711, 'Arpora', 11, NULL),
(712, 'Bambolim', 11, NULL),
(713, 'Bandora', 11, NULL),
(714, 'Bardez', 11, NULL),
(715, 'Benaulim', 11, NULL),
(716, 'Betora', 11, NULL),
(717, 'Bicholim', 11, NULL),
(718, 'Calapor', 11, NULL),
(719, 'Candolim', 11, NULL),
(720, 'Caranzalem', 11, NULL),
(721, 'Carapur', 11, NULL),
(722, 'Chicalim', 11, NULL),
(723, 'Chimbel', 11, NULL),
(724, 'Chinchinim', 11, NULL),
(725, 'Colvale', 11, NULL),
(726, 'Corlim', 11, NULL),
(727, 'Cortalim', 11, NULL),
(728, 'Cuncolim', 11, NULL),
(729, 'Curchorem', 11, NULL),
(730, 'Curti', 11, NULL),
(731, 'Davorlim', 11, NULL),
(732, 'Dona Paula', 11, NULL),
(733, 'Goa', 11, NULL),
(734, 'Guirim', 11, NULL),
(735, 'Jua', 11, NULL),
(736, 'Kalangat', 11, NULL),
(737, 'Kankon', 11, NULL),
(738, 'Kundaim', 11, NULL),
(739, 'Loutulim', 11, NULL),
(740, 'Madgaon', 11, NULL),
(741, 'Mapusa', 11, NULL),
(742, 'Margao', 11, NULL),
(743, 'Margaon', 11, NULL),
(744, 'Miramar', 11, NULL),
(745, 'Morjim', 11, NULL),
(746, 'Mormugao', 11, NULL),
(747, 'Navelim', 11, NULL),
(748, 'Pale', 11, NULL),
(749, 'Panaji', 11, NULL),
(750, 'Parcem', 11, NULL),
(751, 'Parra', 11, NULL),
(752, 'Penha de Franca', 11, NULL),
(753, 'Pernem', 11, NULL),
(754, 'Pilerne', 11, NULL),
(755, 'Pissurlem', 11, NULL),
(756, 'Ponda', 11, NULL),
(757, 'Porvorim', 11, NULL),
(758, 'Quepem', 11, NULL),
(759, 'Queula', 11, NULL),
(760, 'Raia', 11, NULL),
(761, 'Reis Magos', 11, NULL),
(762, 'Salcette', 11, NULL),
(763, 'Saligao', 11, NULL),
(764, 'Sancoale', 11, NULL),
(765, 'Sanguem', 11, NULL),
(766, 'Sanquelim', 11, NULL),
(767, 'Sanvordem', 11, NULL),
(768, 'Sao Jose-de-Areal', 11, NULL),
(769, 'Sattari', 11, NULL),
(770, 'Serula', 11, NULL),
(771, 'Sinquerim', 11, NULL),
(772, 'Siolim', 11, NULL),
(773, 'Taleigao', 11, NULL),
(774, 'Tivim', 11, NULL),
(775, 'Valpoi', 11, NULL),
(776, 'Varca', 11, NULL),
(777, 'Vasco', 11, NULL),
(778, 'Verna', 11, NULL),
(779, 'Abrama', 12, NULL),
(780, 'Adalaj', 12, NULL),
(781, 'Adityana', 12, NULL),
(782, 'Advana', 12, NULL),
(783, 'Ahmedabad', 12, 2),
(784, 'Ahwa', 12, NULL),
(785, 'Alang', 12, NULL),
(786, 'Ambaji', 12, NULL),
(787, 'Ambaliyasan', 12, NULL),
(788, 'Amod', 12, NULL),
(789, 'Amreli', 12, NULL),
(790, 'Amroli', 12, NULL),
(791, 'Anand', 12, NULL),
(792, 'Andada', 12, NULL),
(793, 'Anjar', 12, NULL),
(794, 'Anklav', 12, NULL),
(795, 'Ankleshwar', 12, NULL),
(796, 'Anklesvar INA', 12, NULL),
(797, 'Antaliya', 12, NULL),
(798, 'Arambhada', 12, NULL),
(799, 'Asarma', 12, NULL),
(800, 'Atul', 12, NULL),
(801, 'Babra', 12, NULL),
(802, 'Bag-e-Firdosh', 12, NULL),
(803, 'Bagasara', 12, NULL),
(804, 'Bahadarpar', 12, NULL),
(805, 'Bajipura', 12, NULL),
(806, 'Bajva', 12, NULL),
(807, 'Balasinor', 12, NULL),
(808, 'Banaskantha', 12, NULL),
(809, 'Bansda', 12, NULL),
(810, 'Bantva', 12, NULL),
(811, 'Bardoli', 12, NULL),
(812, 'Barwala', 12, NULL),
(813, 'Bayad', 12, NULL),
(814, 'Bechar', 12, NULL),
(815, 'Bedi', 12, NULL),
(816, 'Beyt', 12, NULL),
(817, 'Bhachau', 12, NULL),
(818, 'Bhanvad', 12, NULL),
(819, 'Bharuch', 12, NULL),
(820, 'Bharuch INA', 12, NULL),
(821, 'Bhavnagar', 12, NULL),
(822, 'Bhayavadar', 12, NULL),
(823, 'Bhestan', 12, NULL),
(824, 'Bhuj', 12, NULL),
(825, 'Bilimora', 12, NULL),
(826, 'Bilkha', 12, NULL),
(827, 'Billimora', 12, NULL),
(828, 'Bodakdev', 12, NULL),
(829, 'Bodeli', 12, NULL),
(830, 'Bopal', 12, NULL),
(831, 'Boria', 12, NULL),
(832, 'Boriavi', 12, NULL),
(833, 'Borsad', 12, NULL),
(834, 'Botad', 12, NULL),
(835, 'Cambay', 12, NULL),
(836, 'Chaklasi', 12, NULL),
(837, 'Chala', 12, NULL),
(838, 'Chalala', 12, NULL),
(839, 'Chalthan', 12, NULL),
(840, 'Chanasma', 12, NULL),
(841, 'Chandisar', 12, NULL),
(842, 'Chandkheda', 12, NULL),
(843, 'Chanod', 12, NULL),
(844, 'Chaya', 12, NULL),
(845, 'Chenpur', 12, NULL),
(846, 'Chhapi', 12, NULL),
(847, 'Chhaprabhatha', 12, NULL),
(848, 'Chhatral', 12, NULL),
(849, 'Chhota Udepur', 12, NULL),
(850, 'Chikhli', 12, NULL),
(851, 'Chiloda', 12, NULL),
(852, 'Chorvad', 12, NULL),
(853, 'Chotila', 12, NULL),
(854, 'Dabhoi', 12, NULL),
(855, 'Dadara', 12, NULL),
(856, 'Dahod', 12, NULL),
(857, 'Dakor', 12, NULL),
(858, 'Damnagar', 12, NULL),
(859, 'Deesa', 12, NULL),
(860, 'Delvada', 12, NULL),
(861, 'Devgadh Baria', 12, NULL),
(862, 'Devsar', 12, NULL),
(863, 'Dhandhuka', 12, NULL),
(864, 'Dhanera', 12, NULL),
(865, 'Dhangdhra', 12, NULL),
(866, 'Dhansura', 12, NULL),
(867, 'Dharampur', 12, NULL),
(868, 'Dhari', 12, NULL),
(869, 'Dhola', 12, NULL),
(870, 'Dholka', 12, NULL),
(871, 'Dholka Rural', 12, NULL),
(872, 'Dhoraji', 12, NULL),
(873, 'Dhrangadhra', 12, NULL),
(874, 'Dhrol', 12, NULL),
(875, 'Dhuva', 12, NULL),
(876, 'Dhuwaran', 12, NULL),
(877, 'Digvijaygram', 12, NULL),
(878, 'Disa', 12, NULL),
(879, 'Dungar', 12, NULL),
(880, 'Dungarpur', 12, NULL),
(881, 'Dungra', 12, NULL),
(882, 'Dwarka', 12, NULL),
(883, 'Flelanganj', 12, NULL),
(884, 'GSFC Complex', 12, NULL),
(885, 'Gadhda', 12, NULL),
(886, 'Gandevi', 12, NULL),
(887, 'Gandhidham', 12, NULL),
(888, 'Gandhinagar', 12, NULL),
(889, 'Gariadhar', 12, NULL),
(890, 'Ghogha', 12, NULL),
(891, 'Godhra', 12, NULL),
(892, 'Gondal', 12, NULL),
(893, 'Hajira INA', 12, NULL),
(894, 'Halol', 12, NULL),
(895, 'Halvad', 12, NULL),
(896, 'Hansot', 12, NULL),
(897, 'Harij', 12, NULL),
(898, 'Himatnagar', 12, NULL),
(899, 'Ichchhapor', 12, NULL),
(900, 'Idar', 12, NULL),
(901, 'Jafrabad', 12, NULL),
(902, 'Jalalpore', 12, NULL),
(903, 'Jambusar', 12, NULL),
(904, 'Jamjodhpur', 12, NULL),
(905, 'Jamnagar', 12, NULL),
(906, 'Jasdan', 12, NULL),
(907, 'Jawaharnagar', 12, NULL),
(908, 'Jetalsar', 12, NULL),
(909, 'Jetpur', 12, NULL),
(910, 'Jodiya', 12, NULL),
(911, 'Joshipura', 12, NULL),
(912, 'Junagadh', 12, NULL),
(913, 'Kadi', 12, NULL),
(914, 'Kadodara', 12, NULL),
(915, 'Kalavad', 12, NULL),
(916, 'Kali', 12, NULL),
(917, 'Kaliawadi', 12, NULL),
(918, 'Kalol', 12, NULL),
(919, 'Kalol INA', 12, NULL),
(920, 'Kandla', 12, NULL),
(921, 'Kanjari', 12, NULL),
(922, 'Kanodar', 12, NULL),
(923, 'Kapadwanj', 12, NULL),
(924, 'Karachiya', 12, NULL),
(925, 'Karamsad', 12, NULL),
(926, 'Karjan', 12, NULL),
(927, 'Kathial', 12, NULL),
(928, 'Kathor', 12, NULL),
(929, 'Katpar', 12, NULL),
(930, 'Kavant', 12, NULL),
(931, 'Keshod', 12, NULL),
(932, 'Kevadiya', 12, NULL),
(933, 'Khambhaliya', 12, NULL),
(934, 'Khambhat', 12, NULL),
(935, 'Kharaghoda', 12, NULL),
(936, 'Khed Brahma', 12, NULL),
(937, 'Kheda', 12, NULL),
(938, 'Kheralu', 12, NULL),
(939, 'Kodinar', 12, NULL),
(940, 'Kosamba', 12, NULL),
(941, 'Kundla', 12, NULL),
(942, 'Kutch', 12, NULL),
(943, 'Kutiyana', 12, NULL),
(944, 'Lakhtar', 12, NULL),
(945, 'Lalpur', 12, NULL),
(946, 'Lambha', 12, NULL),
(947, 'Lathi', 12, NULL),
(948, 'Limbdi', 12, NULL),
(949, 'Limla', 12, NULL),
(950, 'Lunavada', 12, NULL),
(951, 'Madhapar', 12, NULL),
(952, 'Maflipur', 12, NULL),
(953, 'Mahemdavad', 12, NULL),
(954, 'Mahudha', 12, NULL),
(955, 'Mahuva', 12, NULL),
(956, 'Mahuvar', 12, NULL),
(957, 'Makarba', 12, NULL),
(958, 'Makarpura', 12, NULL),
(959, 'Makassar', 12, NULL),
(960, 'Maktampur', 12, NULL),
(961, 'Malia', 12, NULL),
(962, 'Malpur', 12, NULL),
(963, 'Manavadar', 12, NULL),
(964, 'Mandal', 12, NULL),
(965, 'Mandvi', 12, NULL),
(966, 'Mangrol', 12, NULL),
(967, 'Mansa', 12, NULL),
(968, 'Meghraj', 12, NULL),
(969, 'Mehsana', 12, NULL),
(970, 'Mendarla', 12, NULL),
(971, 'Mithapur', 12, NULL),
(972, 'Modasa', 12, NULL),
(973, 'Mogravadi', 12, NULL),
(974, 'Morbi', 12, NULL),
(975, 'Morvi', 12, NULL),
(976, 'Mundra', 12, NULL),
(977, 'Nadiad', 12, NULL),
(978, 'Naliya', 12, NULL),
(979, 'Nanakvada', 12, NULL),
(980, 'Nandej', 12, NULL),
(981, 'Nandesari', 12, NULL),
(982, 'Nandesari INA', 12, NULL),
(983, 'Naroda', 12, NULL),
(984, 'Navagadh', 12, NULL),
(985, 'Navagam Ghed', 12, NULL),
(986, 'Navsari', 12, NULL),
(987, 'Ode', 12, NULL),
(988, 'Okaf', 12, NULL),
(989, 'Okha', 12, NULL),
(990, 'Olpad', 12, NULL),
(991, 'Paddhari', 12, NULL),
(992, 'Padra', 12, NULL),
(993, 'Palanpur', 12, NULL),
(994, 'Palej', 12, NULL),
(995, 'Pali', 12, NULL),
(996, 'Palitana', 12, NULL),
(997, 'Paliyad', 12, NULL),
(998, 'Pandesara', 12, NULL),
(999, 'Panoli', 12, NULL),
(1000, 'Pardi', 12, NULL),
(1001, 'Parnera', 12, NULL),
(1002, 'Parvat', 12, NULL),
(1003, 'Patan', 12, NULL),
(1004, 'Patdi', 12, NULL),
(1005, 'Petlad', 12, NULL),
(1006, 'Petrochemical Complex', 12, NULL),
(1007, 'Porbandar', 12, NULL),
(1008, 'Prantij', 12, NULL),
(1009, 'Radhanpur', 12, NULL),
(1010, 'Raiya', 12, NULL),
(1011, 'Rajkot', 12, NULL),
(1012, 'Rajpipla', 12, NULL),
(1013, 'Rajula', 12, NULL),
(1014, 'Ramod', 12, NULL),
(1015, 'Ranavav', 12, NULL),
(1016, 'Ranoli', 12, NULL),
(1017, 'Rapar', 12, NULL),
(1018, 'Sahij', 12, NULL),
(1019, 'Salaya', 12, NULL),
(1020, 'Sanand', 12, NULL),
(1021, 'Sankheda', 12, NULL),
(1022, 'Santrampur', 12, NULL),
(1023, 'Saribujrang', 12, NULL),
(1024, 'Sarigam INA', 12, NULL),
(1025, 'Sayan', 12, NULL),
(1026, 'Sayla', 12, NULL),
(1027, 'Shahpur', 12, NULL),
(1028, 'Shahwadi', 12, NULL),
(1029, 'Shapar', 12, NULL),
(1030, 'Shivrajpur', 12, NULL),
(1031, 'Siddhapur', 12, NULL),
(1032, 'Sidhpur', 12, NULL),
(1033, 'Sihor', 12, NULL),
(1034, 'Sika', 12, NULL),
(1035, 'Singarva', 12, NULL),
(1036, 'Sinor', 12, NULL),
(1037, 'Sojitra', 12, NULL),
(1038, 'Sola', 12, NULL),
(1039, 'Songadh', 12, NULL),
(1040, 'Suraj Karadi', 12, NULL),
(1041, 'Surat', 12, 5),
(1042, 'Surendranagar', 12, NULL),
(1043, 'Talaja', 12, NULL),
(1044, 'Talala', 12, NULL),
(1045, 'Talod', 12, NULL),
(1046, 'Tankara', 12, NULL),
(1047, 'Tarsali', 12, NULL),
(1048, 'Thangadh', 12, NULL),
(1049, 'Tharad', 12, NULL),
(1050, 'Thasra', 12, NULL),
(1051, 'Udyognagar', 12, NULL),
(1052, 'Ukai', 12, NULL),
(1053, 'Umbergaon', 12, NULL),
(1054, 'Umbergaon INA', 12, NULL),
(1055, 'Umrala', 12, NULL),
(1056, 'Umreth', 12, NULL),
(1057, 'Un', 12, NULL),
(1058, 'Una', 12, NULL),
(1059, 'Unjha', 12, NULL),
(1060, 'Upleta', 12, NULL),
(1061, 'Utran', 12, NULL),
(1062, 'Uttarsanda', 12, NULL),
(1063, 'V.U. Nagar', 12, NULL),
(1064, 'V.V. Nagar', 12, NULL),
(1065, 'Vadia', 12, NULL),
(1066, 'Vadla', 12, NULL),
(1067, 'Vadnagar', 12, NULL),
(1068, 'Vadodara', 12, NULL),
(1069, 'Vaghodia INA', 12, NULL),
(1070, 'Valbhipur', 12, NULL),
(1071, 'Vallabh Vidyanagar', 12, NULL),
(1072, 'Valsad', 12, NULL),
(1073, 'Valsad INA', 12, NULL),
(1074, 'Vanthali', 12, NULL),
(1075, 'Vapi', 12, NULL),
(1076, 'Vapi INA', 12, NULL),
(1077, 'Vartej', 12, NULL),
(1078, 'Vasad', 12, NULL),
(1079, 'Vasna Borsad INA', 12, NULL),
(1080, 'Vaso', 12, NULL),
(1081, 'Veraval', 12, NULL),
(1082, 'Vidyanagar', 12, NULL),
(1083, 'Vijalpor', 12, NULL),
(1084, 'Vijapur', 12, NULL),
(1085, 'Vinchhiya', 12, NULL),
(1086, 'Vinzol', 12, NULL),
(1087, 'Virpur', 12, NULL),
(1088, 'Visavadar', 12, NULL),
(1089, 'Visnagar', 12, NULL),
(1090, 'Vyara', 12, NULL),
(1091, 'Wadhwan', 12, NULL),
(1092, 'Waghai', 12, NULL),
(1093, 'Waghodia', 12, NULL),
(1094, 'Wankaner', 12, NULL),
(1095, 'Zalod', 12, NULL),
(1096, 'Ambala', 13, NULL),
(1097, 'Ambala Cantt', 13, NULL),
(1098, 'Asan Khurd', 13, NULL),
(1099, 'Asandh', 13, NULL),
(1100, 'Ateli', 13, NULL),
(1101, 'Babiyal', 13, NULL),
(1102, 'Bahadurgarh', 13, NULL),
(1103, 'Ballabgarh', 13, NULL),
(1104, 'Barwala', 13, NULL),
(1105, 'Bawal', 13, NULL),
(1106, 'Bawani Khera', 13, NULL),
(1107, 'Beri', 13, NULL),
(1108, 'Bhiwani', 13, NULL),
(1109, 'Bilaspur', 13, NULL),
(1110, 'Buria', 13, NULL),
(1111, 'Charkhi Dadri', 13, NULL),
(1112, 'Chhachhrauli', 13, NULL),
(1113, 'Chita', 13, NULL),
(1114, 'Dabwali', 13, NULL),
(1115, 'Dharuhera', 13, NULL),
(1116, 'Dundahera', 13, NULL),
(1117, 'Ellenabad', 13, NULL),
(1118, 'Farakhpur', 13, NULL),
(1119, 'Faridabad', 13, NULL),
(1120, 'Farrukhnagar', 13, NULL),
(1121, 'Fatehabad', 13, NULL),
(1122, 'Firozpur Jhirka', 13, NULL),
(1123, 'Gannaur', 13, NULL),
(1124, 'Ghraunda', 13, NULL),
(1125, 'Gohana', 13, NULL),
(1126, 'Gurgaon', 13, NULL),
(1127, 'Haileymandi', 13, NULL),
(1128, 'Hansi', 13, NULL),
(1129, 'Hasanpur', 13, NULL),
(1130, 'Hathin', 13, NULL),
(1131, 'Hisar', 13, NULL),
(1132, 'Hissar', 13, NULL),
(1133, 'Hodal', 13, NULL),
(1134, 'Indri', 13, NULL),
(1135, 'Jagadhri', 13, NULL),
(1136, 'Jakhal Mandi', 13, NULL),
(1137, 'Jhajjar', 13, NULL),
(1138, 'Jind', 13, NULL),
(1139, 'Julana', 13, NULL),
(1140, 'Kaithal', 13, NULL),
(1141, 'Kalanur', 13, NULL),
(1142, 'Kalanwali', 13, NULL),
(1143, 'Kalayat', 13, NULL),
(1144, 'Kalka', 13, NULL),
(1145, 'Kanina', 13, NULL),
(1146, 'Kansepur', 13, NULL),
(1147, 'Kardhan', 13, NULL),
(1148, 'Karnal', 13, NULL),
(1149, 'Kharkhoda', 13, NULL),
(1150, 'Kheri Sampla', 13, NULL),
(1151, 'Kundli', 13, NULL),
(1152, 'Kurukshetra', 13, NULL),
(1153, 'Ladrawan', 13, NULL),
(1154, 'Ladwa', 13, NULL),
(1155, 'Loharu', 13, NULL),
(1156, 'Maham', 13, NULL),
(1157, 'Mahendragarh', 13, NULL),
(1158, 'Mustafabad', 13, NULL),
(1159, 'Nagai Chaudhry', 13, NULL),
(1160, 'Narayangarh', 13, NULL),
(1161, 'Narnaul', 13, NULL),
(1162, 'Narnaund', 13, NULL),
(1163, 'Narwana', 13, NULL),
(1164, 'Nilokheri', 13, NULL),
(1165, 'Nuh', 13, NULL),
(1166, 'Palwal', 13, NULL),
(1167, 'Panchkula', 13, NULL),
(1168, 'Panipat', 13, NULL),
(1169, 'Panipat Taraf Ansar', 13, NULL),
(1170, 'Panipat Taraf Makhdum Zadgan', 13, NULL),
(1171, 'Panipat Taraf Rajputan', 13, NULL),
(1172, 'Pehowa', 13, NULL),
(1173, 'Pinjaur', 13, NULL),
(1174, 'Punahana', 13, NULL),
(1175, 'Pundri', 13, NULL),
(1176, 'Radaur', 13, NULL),
(1177, 'Raipur Rani', 13, NULL),
(1178, 'Rania', 13, NULL),
(1179, 'Ratiya', 13, NULL),
(1180, 'Rewari', 13, NULL),
(1181, 'Rohtak', 13, NULL),
(1182, 'Ropar', 13, NULL),
(1183, 'Sadauri', 13, NULL),
(1184, 'Safidon', 13, NULL),
(1185, 'Samalkha', 13, NULL),
(1186, 'Sankhol', 13, NULL),
(1187, 'Sasauli', 13, NULL),
(1188, 'Shahabad', 13, NULL),
(1189, 'Sirsa', 13, NULL),
(1190, 'Siwani', 13, NULL),
(1191, 'Sohna', 13, NULL),
(1192, 'Sonipat', 13, NULL),
(1193, 'Sukhrali', 13, NULL),
(1194, 'Taoru', 13, NULL),
(1195, 'Taraori', 13, NULL),
(1196, 'Tauru', 13, NULL),
(1197, 'Thanesar', 13, NULL),
(1198, 'Tilpat', 13, NULL),
(1199, 'Tohana', 13, NULL),
(1200, 'Tosham', 13, NULL),
(1201, 'Uchana', 13, NULL),
(1202, 'Uklana Mandi', 13, NULL),
(1203, 'Uncha Siwana', 13, NULL),
(1204, 'Yamunanagar', 13, NULL),
(1205, 'Arki', 14, NULL),
(1206, 'Baddi', 14, NULL),
(1207, 'Bakloh', 14, NULL),
(1208, 'Banjar', 14, NULL),
(1209, 'Bhota', 14, NULL),
(1210, 'Bhuntar', 14, NULL),
(1211, 'Bilaspur', 14, NULL),
(1212, 'Chamba', 14, NULL),
(1213, 'Chaupal', 14, NULL),
(1214, 'Chuari Khas', 14, NULL),
(1215, 'Dagshai', 14, NULL),
(1216, 'Dalhousie', 14, NULL),
(1217, 'Dalhousie Cantonment', 14, NULL),
(1218, 'Damtal', 14, NULL),
(1219, 'Daulatpur', 14, NULL),
(1220, 'Dera Gopipur', 14, NULL),
(1221, 'Dhalli', 14, NULL),
(1222, 'Dharamshala', 14, NULL),
(1223, 'Gagret', 14, NULL),
(1224, 'Ghamarwin', 14, NULL),
(1225, 'Hamirpur', 14, NULL),
(1226, 'Jawala Mukhi', 14, NULL),
(1227, 'Jogindarnagar', 14, NULL),
(1228, 'Jubbal', 14, NULL),
(1229, 'Jutogh', 14, NULL),
(1230, 'Kala Amb', 14, NULL),
(1231, 'Kalpa', 14, NULL),
(1232, 'Kangra', 14, NULL),
(1233, 'Kasauli', 14, NULL),
(1234, 'Kot Khai', 14, NULL),
(1235, 'Kullu', 14, NULL),
(1236, 'Kulu', 14, NULL),
(1237, 'Manali', 14, NULL),
(1238, 'Mandi', 14, NULL),
(1239, 'Mant Khas', 14, NULL),
(1240, 'Mehatpur Basdehra', 14, NULL),
(1241, 'Nadaun', 14, NULL),
(1242, 'Nagrota', 14, NULL),
(1243, 'Nahan', 14, NULL),
(1244, 'Naina Devi', 14, NULL),
(1245, 'Nalagarh', 14, NULL),
(1246, 'Narkanda', 14, NULL),
(1247, 'Nurpur', 14, NULL),
(1248, 'Palampur', 14, NULL),
(1249, 'Pandoh', 14, NULL),
(1250, 'Paonta Sahib', 14, NULL),
(1251, 'Parwanoo', 14, NULL),
(1252, 'Parwanu', 14, NULL),
(1253, 'Rajgarh', 14, NULL),
(1254, 'Rampur', 14, NULL),
(1255, 'Rawalsar', 14, NULL),
(1256, 'Rohru', 14, NULL),
(1257, 'Sabathu', 14, NULL),
(1258, 'Santokhgarh', 14, NULL),
(1259, 'Sarahan', 14, NULL),
(1260, 'Sarka Ghat', 14, NULL),
(1261, 'Seoni', 14, NULL),
(1262, 'Shimla', 14, NULL),
(1263, 'Sirmaur', 14, NULL),
(1264, 'Solan', 14, NULL),
(1265, 'Solon', 14, NULL),
(1266, 'Sundarnagar', 14, NULL),
(1267, 'Sundernagar', 14, NULL),
(1268, 'Talai', 14, NULL),
(1269, 'Theog', 14, NULL),
(1270, 'Tira Sujanpur', 14, NULL),
(1271, 'Una', 14, NULL),
(1272, 'Yol', 14, NULL),
(1273, 'Achabal', 15, NULL),
(1274, 'Akhnur', 15, NULL),
(1275, 'Anantnag', 15, NULL),
(1276, 'Arnia', 15, NULL),
(1277, 'Awantipora', 15, NULL),
(1278, 'Badami Bagh', 15, NULL),
(1279, 'Bandipur', 15, NULL),
(1280, 'Banihal', 15, NULL),
(1281, 'Baramula', 15, NULL),
(1282, 'Baramulla', 15, NULL),
(1283, 'Bari Brahmana', 15, NULL),
(1284, 'Bashohli', 15, NULL),
(1285, 'Batote', 15, NULL),
(1286, 'Bhaderwah', 15, NULL),
(1287, 'Bijbiara', 15, NULL),
(1288, 'Billawar', 15, NULL),
(1289, 'Birwah', 15, NULL),
(1290, 'Bishna', 15, NULL),
(1291, 'Budgam', 15, NULL),
(1292, 'Charari Sharief', 15, NULL),
(1293, 'Chenani', 15, NULL),
(1294, 'Doda', 15, NULL),
(1295, 'Duru-Verinag', 15, NULL),
(1296, 'Gandarbat', 15, NULL),
(1297, 'Gho Manhasan', 15, NULL),
(1298, 'Gorah Salathian', 15, NULL),
(1299, 'Gulmarg', 15, NULL),
(1300, 'Hajan', 15, NULL),
(1301, 'Handwara', 15, NULL),
(1302, 'Hiranagar', 15, NULL),
(1303, 'Jammu', 15, NULL),
(1304, 'Jammu Cantonment', 15, NULL),
(1305, 'Jammu Tawi', 15, NULL),
(1306, 'Jourian', 15, NULL),
(1307, 'Kargil', 15, NULL),
(1308, 'Kathua', 15, NULL),
(1309, 'Katra', 15, NULL),
(1310, 'Khan Sahib', 15, NULL),
(1311, 'Khour', 15, NULL),
(1312, 'Khrew', 15, NULL),
(1313, 'Kishtwar', 15, NULL),
(1314, 'Kud', 15, NULL),
(1315, 'Kukernag', 15, NULL),
(1316, 'Kulgam', 15, NULL),
(1317, 'Kunzer', 15, NULL),
(1318, 'Kupwara', 15, NULL),
(1319, 'Lakhenpur', 15, NULL),
(1320, 'Leh', 15, NULL),
(1321, 'Magam', 15, NULL),
(1322, 'Mattan', 15, NULL),
(1323, 'Naushehra', 15, NULL),
(1324, 'Pahalgam', 15, NULL),
(1325, 'Pampore', 15, NULL),
(1326, 'Parole', 15, NULL),
(1327, 'Pattan', 15, NULL),
(1328, 'Pulwama', 15, NULL),
(1329, 'Punch', 15, NULL),
(1330, 'Qazigund', 15, NULL),
(1331, 'Rajauri', 15, NULL),
(1332, 'Ramban', 15, NULL),
(1333, 'Ramgarh', 15, NULL),
(1334, 'Ramnagar', 15, NULL),
(1335, 'Ranbirsingh Pora', 15, NULL),
(1336, 'Reasi', 15, NULL),
(1337, 'Rehambal', 15, NULL),
(1338, 'Samba', 15, NULL),
(1339, 'Shupiyan', 15, NULL),
(1340, 'Sopur', 15, NULL),
(1341, 'Srinagar', 15, NULL),
(1342, 'Sumbal', 15, NULL),
(1343, 'Sunderbani', 15, NULL),
(1344, 'Talwara', 15, NULL),
(1345, 'Thanamandi', 15, NULL),
(1346, 'Tral', 15, NULL),
(1347, 'Udhampur', 15, NULL),
(1348, 'Uri', 15, NULL),
(1349, 'Vijaypur', 15, NULL),
(1350, 'Adityapur', 16, NULL),
(1351, 'Amlabad', 16, NULL),
(1352, 'Angarpathar', 16, NULL),
(1353, 'Ara', 16, NULL),
(1354, 'Babua Kalan', 16, NULL),
(1355, 'Bagbahra', 16, NULL),
(1356, 'Baliapur', 16, NULL),
(1357, 'Baliari', 16, NULL),
(1358, 'Balkundra', 16, NULL),
(1359, 'Bandhgora', 16, NULL),
(1360, 'Barajamda', 16, NULL),
(1361, 'Barhi', 16, NULL),
(1362, 'Barka Kana', 16, NULL),
(1363, 'Barki Saraiya', 16, NULL),
(1364, 'Barughutu', 16, NULL),
(1365, 'Barwadih', 16, NULL),
(1366, 'Basaria', 16, NULL),
(1367, 'Basukinath', 16, NULL),
(1368, 'Bermo', 16, NULL),
(1369, 'Bhagatdih', 16, NULL),
(1370, 'Bhaurah', 16, NULL),
(1371, 'Bhojudih', 16, NULL),
(1372, 'Bhuli', 16, NULL),
(1373, 'Bokaro', 16, NULL),
(1374, 'Borio Bazar', 16, NULL),
(1375, 'Bundu', 16, NULL),
(1376, 'Chaibasa', 16, NULL),
(1377, 'Chaitudih', 16, NULL),
(1378, 'Chakradharpur', 16, NULL),
(1379, 'Chakulia', 16, NULL),
(1380, 'Chandaur', 16, NULL),
(1381, 'Chandil', 16, NULL),
(1382, 'Chandrapura', 16, NULL),
(1383, 'Chas', 16, NULL),
(1384, 'Chatra', 16, NULL),
(1385, 'Chhatatanr', 16, NULL),
(1386, 'Chhotaputki', 16, NULL),
(1387, 'Chiria', 16, NULL),
(1388, 'Chirkunda', 16, NULL),
(1389, 'Churi', 16, NULL),
(1390, 'Daltenganj', 16, NULL),
(1391, 'Danguwapasi', 16, NULL),
(1392, 'Dari', 16, NULL),
(1393, 'Deoghar', 16, NULL),
(1394, 'Deorikalan', 16, NULL),
(1395, 'Devghar', 16, NULL),
(1396, 'Dhanbad', 16, NULL),
(1397, 'Dhanwar', 16, NULL),
(1398, 'Dhaunsar', 16, NULL),
(1399, 'Dugda', 16, NULL),
(1400, 'Dumarkunda', 16, NULL),
(1401, 'Dumka', 16, NULL),
(1402, 'Egarkunr', 16, NULL),
(1403, 'Gadhra', 16, NULL),
(1404, 'Garwa', 16, NULL),
(1405, 'Ghatsila', 16, NULL),
(1406, 'Ghorabandha', 16, NULL),
(1407, 'Gidi', 16, NULL),
(1408, 'Giridih', 16, NULL),
(1409, 'Gobindpur', 16, NULL),
(1410, 'Godda', 16, NULL),
(1411, 'Godhar', 16, NULL),
(1412, 'Golphalbari', 16, NULL),
(1413, 'Gomoh', 16, NULL),
(1414, 'Gua', 16, NULL),
(1415, 'Gumia', 16, NULL),
(1416, 'Gumla', 16, NULL),
(1417, 'Haludbani', 16, NULL),
(1418, 'Hazaribag', 16, NULL),
(1419, 'Hesla', 16, NULL),
(1420, 'Husainabad', 16, NULL),
(1421, 'Isri', 16, NULL),
(1422, 'Jadugora', 16, NULL),
(1423, 'Jagannathpur', 16, NULL),
(1424, 'Jamadoba', 16, NULL),
(1425, 'Jamshedpur', 16, NULL),
(1426, 'Jamtara', 16, NULL),
(1427, 'Jarangdih', 16, NULL),
(1428, 'Jaridih', 16, NULL),
(1429, 'Jasidih', 16, NULL),
(1430, 'Jena', 16, NULL),
(1431, 'Jharia', 16, NULL),
(1432, 'Jharia Khas', 16, NULL),
(1433, 'Jhinkpani', 16, NULL),
(1434, 'Jhumri Tilaiya', 16, NULL),
(1435, 'Jorapokhar', 16, NULL),
(1436, 'Jugsalai', 16, NULL),
(1437, 'Kailudih', 16, NULL),
(1438, 'Kalikapur', 16, NULL),
(1439, 'Kandra', 16, NULL),
(1440, 'Kanke', 16, NULL),
(1441, 'Katras', 16, NULL),
(1442, 'Kedla', 16, NULL),
(1443, 'Kenduadih', 16, NULL),
(1444, 'Kharkhari', 16, NULL),
(1445, 'Kharsawan', 16, NULL),
(1446, 'Khelari', 16, NULL),
(1447, 'Khunti', 16, NULL),
(1448, 'Kiri Buru', 16, NULL),
(1449, 'Kiriburu', 16, NULL),
(1450, 'Kodarma', 16, NULL),
(1451, 'Kuju', 16, NULL),
(1452, 'Kurpania', 16, NULL),
(1453, 'Kustai', 16, NULL),
(1454, 'Lakarka', 16, NULL),
(1455, 'Lapanga', 16, NULL),
(1456, 'Latehar', 16, NULL),
(1457, 'Lohardaga', 16, NULL),
(1458, 'Loiya', 16, NULL),
(1459, 'Loyabad', 16, NULL),
(1460, 'Madhupur', 16, NULL),
(1461, 'Mahesh Mundi', 16, NULL),
(1462, 'Maithon', 16, NULL),
(1463, 'Malkera', 16, NULL),
(1464, 'Mango', 16, NULL),
(1465, 'Manoharpur', 16, NULL),
(1466, 'Marma', 16, NULL),
(1467, 'Meghahatuburu Forest village', 16, NULL),
(1468, 'Mera', 16, NULL),
(1469, 'Meru', 16, NULL),
(1470, 'Mihijam', 16, NULL),
(1471, 'Mugma', 16, NULL),
(1472, 'Muri', 16, NULL),
(1473, 'Mushabani', 16, NULL),
(1474, 'Nagri Kalan', 16, NULL),
(1475, 'Netarhat', 16, NULL),
(1476, 'Nirsa', 16, NULL),
(1477, 'Noamundi', 16, NULL),
(1478, 'Okni', 16, NULL),
(1479, 'Orla', 16, NULL),
(1480, 'Pakaur', 16, NULL),
(1481, 'Palamau', 16, NULL),
(1482, 'Palawa', 16, NULL),
(1483, 'Panchet', 16, NULL),
(1484, 'Panrra', 16, NULL),
(1485, 'Paratdih', 16, NULL),
(1486, 'Pathardih', 16, NULL),
(1487, 'Patratu', 16, NULL),
(1488, 'Phusro', 16, NULL),
(1489, 'Pondar Kanali', 16, NULL),
(1490, 'Rajmahal', 16, NULL),
(1491, 'Ramgarh', 16, NULL),
(1492, 'Ranchi', 16, NULL),
(1493, 'Ray', 16, NULL),
(1494, 'Rehla', 16, NULL),
(1495, 'Religara', 16, NULL),
(1496, 'Rohraband', 16, NULL),
(1497, 'Sahibganj', 16, NULL),
(1498, 'Sahnidih', 16, NULL),
(1499, 'Saraidhela', 16, NULL),
(1500, 'Saraikela', 16, NULL),
(1501, 'Sarjamda', 16, NULL),
(1502, 'Saunda', 16, NULL),
(1503, 'Sewai', 16, NULL),
(1504, 'Sijhua', 16, NULL),
(1505, 'Sijua', 16, NULL),
(1506, 'Simdega', 16, NULL),
(1507, 'Sindari', 16, NULL),
(1508, 'Sinduria', 16, NULL),
(1509, 'Sini', 16, NULL),
(1510, 'Sirka', 16, NULL),
(1511, 'Siuliban', 16, NULL),
(1512, 'Surubera', 16, NULL),
(1513, 'Tati', 16, NULL),
(1514, 'Tenudam', 16, NULL),
(1515, 'Tisra', 16, NULL),
(1516, 'Topa', 16, NULL),
(1517, 'Topchanchi', 16, NULL),
(1518, 'Adityanagar', 17, NULL),
(1519, 'Adityapatna', 17, NULL),
(1520, 'Afzalpur', 17, NULL),
(1521, 'Ajjampur', 17, NULL),
(1522, 'Aland', 17, NULL),
(1523, 'Almatti Sitimani', 17, NULL),
(1524, 'Alnavar', 17, NULL),
(1525, 'Alur', 17, NULL),
(1526, 'Ambikanagara', 17, NULL),
(1527, 'Anekal', 17, NULL),
(1528, 'Ankola', 17, NULL),
(1529, 'Annigeri', 17, NULL),
(1530, 'Arkalgud', 17, NULL),
(1531, 'Arsikere', 17, NULL),
(1532, 'Athni', 17, NULL),
(1533, 'Aurad', 17, NULL),
(1534, 'Badagavettu', 17, NULL),
(1535, 'Badami', 17, 1),
(1536, 'Bagalkot', 17, NULL),
(1537, 'Bagepalli', 17, NULL),
(1538, 'Bailhongal', 17, NULL),
(1539, 'Baindur', 17, NULL),
(1540, 'Bajala', 17, NULL),
(1541, 'Bajpe', 17, NULL),
(1542, 'Banavar', 17, NULL),
(1543, 'Bangarapet', 17, NULL),
(1544, 'Bankapura', 17, NULL),
(1545, 'Bannur', 17, NULL),
(1546, 'Bantwal', 17, NULL),
(1547, 'Basavakalyan', 17, NULL),
(1548, 'Basavana Bagevadi', 17, NULL),
(1549, 'Belagula', 17, NULL),
(1550, 'Belakavadiq', 17, NULL),
(1551, 'Belgaum', 17, NULL),
(1552, 'Belgaum Cantonment', 17, NULL),
(1553, 'Bellary', 17, NULL),
(1554, 'Belluru', 17, NULL),
(1555, 'Beltangadi', 17, NULL),
(1556, 'Belur', 17, NULL),
(1557, 'Belvata', 17, NULL),
(1558, 'Bengaluru', 17, 4),
(1559, 'Bhadravati', 17, NULL),
(1560, 'Bhalki', 17, NULL),
(1561, 'Bhatkal', 17, NULL),
(1562, 'Bhimarayanagudi', 17, NULL),
(1563, 'Bhogadi', 17, NULL),
(1564, 'Bidar', 17, NULL),
(1565, 'Bijapur', 17, NULL),
(1566, 'Bilgi', 17, NULL),
(1567, 'Birur', 17, NULL),
(1568, 'Bommanahalli', 17, NULL),
(1569, 'Bommasandra', 17, NULL),
(1570, 'Byadgi', 17, NULL),
(1571, 'Byatarayanapura', 17, NULL),
(1572, 'Chakranagar Colony', 17, NULL),
(1573, 'Challakere', 17, NULL),
(1574, 'Chamrajnagar', 17, NULL),
(1575, 'Chamundi Betta', 17, NULL),
(1576, 'Channagiri', 17, NULL),
(1577, 'Channapatna', 17, NULL),
(1578, 'Channarayapatna', 17, NULL),
(1579, 'Chickballapur', 17, NULL),
(1580, 'Chik Ballapur', 17, NULL),
(1581, 'Chikkaballapur', 17, NULL),
(1582, 'Chikmagalur', 17, NULL),
(1583, 'Chiknayakanhalli', 17, NULL),
(1584, 'Chikodi', 17, NULL),
(1585, 'Chincholi', 17, NULL),
(1586, 'Chintamani', 17, NULL),
(1587, 'Chitaguppa', 17, NULL),
(1588, 'Chitapur', 17, NULL),
(1589, 'Chitradurga', 17, NULL),
(1590, 'Coorg', 17, NULL),
(1591, 'Dandeli', 17, NULL),
(1592, 'Dargajogihalli', 17, NULL),
(1593, 'Dasarahalli', 17, NULL),
(1594, 'Davangere', 17, NULL),
(1595, 'Devadurga', 17, NULL),
(1596, 'Devagiri', 17, NULL),
(1597, 'Devanhalli', 17, NULL),
(1598, 'Dharwar', 17, NULL),
(1599, 'Dhupdal', 17, NULL),
(1600, 'Dod Ballapur', 17, NULL),
(1601, 'Donimalai', 17, NULL),
(1602, 'Gadag', 17, NULL),
(1603, 'Gajendragarh', 17, NULL),
(1604, 'Ganeshgudi', 17, NULL),
(1605, 'Gangawati', 17, NULL),
(1606, 'Gangoli', 17, NULL),
(1607, 'Gauribidanur', 17, NULL),
(1608, 'Gokak', 17, NULL),
(1609, 'Gokak Falls', 17, NULL),
(1610, 'Gonikoppal', 17, NULL),
(1611, 'Gorur', 17, NULL),
(1612, 'Gottikere', 17, NULL),
(1613, 'Gubbi', 17, NULL),
(1614, 'Gudibanda', 17, NULL),
(1615, 'Gulbarga', 17, NULL),
(1616, 'Guledgudda', 17, NULL),
(1617, 'Gundlupet', 17, NULL),
(1618, 'Gurmatkal', 17, NULL),
(1619, 'Haliyal', 17, NULL),
(1620, 'Hangal', 17, NULL),
(1621, 'Harihar', 17, NULL),
(1622, 'Harpanahalli', 17, NULL),
(1623, 'Hassan', 17, NULL),
(1624, 'Hatti', 17, NULL),
(1625, 'Hatti Gold Mines', 17, NULL),
(1626, 'Haveri', 17, NULL),
(1627, 'Hebbagodi', 17, NULL),
(1628, 'Hebbalu', 17, NULL),
(1629, 'Hebri', 17, NULL),
(1630, 'Heggadadevanakote', 17, NULL),
(1631, 'Herohalli', 17, NULL),
(1632, 'Hidkal', 17, NULL),
(1633, 'Hindalgi', 17, NULL),
(1634, 'Hirekerur', 17, NULL),
(1635, 'Hiriyur', 17, NULL),
(1636, 'Holalkere', 17, NULL),
(1637, 'Hole Narsipur', 17, NULL),
(1638, 'Homnabad', 17, NULL),
(1639, 'Honavar', 17, NULL),
(1640, 'Honnali', 17, NULL),
(1641, 'Hosakote', 17, NULL),
(1642, 'Hosanagara', 17, NULL),
(1643, 'Hosangadi', 17, NULL),
(1644, 'Hosdurga', 17, NULL),
(1645, 'Hoskote', 17, NULL),
(1646, 'Hospet', 17, NULL),
(1647, 'Hubli', 17, NULL),
(1648, 'Hukeri', 17, NULL),
(1649, 'Hunasagi', 17, NULL),
(1650, 'Hunasamaranahalli', 17, NULL),
(1651, 'Hungund', 17, NULL),
(1652, 'Hunsur', 17, NULL),
(1653, 'Huvina Hadagalli', 17, NULL),
(1654, 'Ilkal', 17, NULL),
(1655, 'Indi', 17, NULL),
(1656, 'Jagalur', 17, NULL),
(1657, 'Jamkhandi', 17, NULL),
(1658, 'Jevargi', 17, NULL),
(1659, 'Jog Falls', 17, NULL),
(1660, 'Kabini Colony', 17, NULL),
(1661, 'Kadur', 17, NULL),
(1662, 'Kalghatgi', 17, NULL),
(1663, 'Kamalapuram', 17, NULL),
(1664, 'Kampli', 17, NULL),
(1665, 'Kanakapura', 17, NULL),
(1666, 'Kangrali BK', 17, NULL),
(1667, 'Kangrali KH', 17, NULL),
(1668, 'Kannur', 17, NULL),
(1669, 'Karkala', 17, NULL),
(1670, 'Karwar', 17, NULL),
(1671, 'Kemminja', 17, NULL),
(1672, 'Kengeri', 17, NULL),
(1673, 'Kerur', 17, NULL),
(1674, 'Khanapur', 17, NULL),
(1675, 'Kodigenahalli', 17, NULL),
(1676, 'Kodiyal', 17, NULL),
(1677, 'Kodlipet', 17, NULL),
(1678, 'Kolar', 17, NULL),
(1679, 'Kollegal', 17, NULL),
(1680, 'Konanakunte', 17, NULL),
(1681, 'Konanur', 17, NULL),
(1682, 'Konnur', 17, NULL),
(1683, 'Koppa', 17, NULL),
(1684, 'Koppal', 17, NULL),
(1685, 'Koratagere', 17, NULL),
(1686, 'Kotekara', 17, NULL),
(1687, 'Kothnur', 17, NULL),
(1688, 'Kotturu', 17, NULL),
(1689, 'Krishnapura', 17, NULL),
(1690, 'Krishnarajanagar', 17, NULL),
(1691, 'Krishnarajapura', 17, NULL),
(1692, 'Krishnarajasagara', 17, NULL),
(1693, 'Krishnarajpet', 17, NULL),
(1694, 'Kudchi', 17, NULL),
(1695, 'Kudligi', 17, NULL),
(1696, 'Kudremukh', 17, NULL),
(1697, 'Kumsi', 17, NULL),
(1698, 'Kumta', 17, NULL),
(1699, 'Kundapura', 17, NULL),
(1700, 'Kundgol', 17, NULL),
(1701, 'Kunigal', 17, NULL),
(1702, 'Kurgunta', 17, NULL),
(1703, 'Kushalnagar', 17, NULL),
(1704, 'Kushtagi', 17, NULL),
(1705, 'Kyathanahalli', 17, NULL),
(1706, 'Lakshmeshwar', 17, NULL),
(1707, 'Lingsugur', 17, NULL),
(1708, 'Londa', 17, NULL),
(1709, 'Maddur', 17, NULL),
(1710, 'Madhugiri', 17, NULL),
(1711, 'Madikeri', 17, NULL),
(1712, 'Magadi', 17, NULL),
(1713, 'Magod Falls', 17, NULL),
(1714, 'Mahadeswara Hills', 17, NULL),
(1715, 'Mahadevapura', 17, NULL),
(1716, 'Mahalingpur', 17, NULL),
(1717, 'Maisuru', 17, NULL),
(1718, 'Maisuru Cantonment', 17, NULL),
(1719, 'Malavalli', 17, NULL),
(1720, 'Mallar', 17, NULL),
(1721, 'Malpe', 17, NULL),
(1722, 'Malur', 17, NULL),
(1723, 'Manchenahalli', 17, NULL),
(1724, 'Mandya', 17, NULL),
(1725, 'Mangalore', 17, NULL),
(1726, 'Mangaluru', 17, NULL),
(1727, 'Manipal', 17, NULL),
(1728, 'Manvi', 17, NULL),
(1729, 'Maski', 17, NULL),
(1730, 'Mastikatte Colony', 17, NULL),
(1731, 'Mayakonda', 17, NULL),
(1732, 'Melukote', 17, NULL),
(1733, 'Molakalmuru', 17, NULL),
(1734, 'Mudalgi', 17, NULL),
(1735, 'Mudbidri', 17, NULL),
(1736, 'Muddebihal', 17, NULL),
(1737, 'Mudgal', 17, NULL),
(1738, 'Mudhol', 17, NULL),
(1739, 'Mudigere', 17, NULL),
(1740, 'Mudushedde', 17, NULL),
(1741, 'Mulbagal', 17, NULL),
(1742, 'Mulgund', 17, NULL),
(1743, 'Mulki', 17, NULL),
(1744, 'Mulur', 17, NULL),
(1745, 'Mundargi', 17, NULL),
(1746, 'Mundgod', 17, NULL),
(1747, 'Munirabad', 17, NULL),
(1748, 'Munnur', 17, NULL),
(1749, 'Murudeshwara', 17, NULL),
(1750, 'Mysore', 17, NULL),
(1751, 'Nagamangala', 17, NULL),
(1752, 'Nanjangud', 17, NULL),
(1753, 'Naragund', 17, NULL),
(1754, 'Narasimharajapura', 17, NULL),
(1755, 'Naravi', 17, NULL),
(1756, 'Narayanpur', 17, NULL),
(1757, 'Naregal', 17, NULL),
(1758, 'Navalgund', 17, NULL),
(1759, 'Nelmangala', 17, NULL),
(1760, 'Nipani', 17, NULL),
(1761, 'Nitte', 17, NULL),
(1762, 'Nyamati', 17, NULL),
(1763, 'Padu', 17, NULL),
(1764, 'Pandavapura', 17, NULL),
(1765, 'Pattanagere', 17, NULL),
(1766, 'Pavagada', 17, NULL),
(1767, 'Piriyapatna', 17, NULL),
(1768, 'Ponnampet', 17, NULL),
(1769, 'Puttur', 17, NULL),
(1770, 'Rabkavi', 17, NULL),
(1771, 'Raichur', 17, NULL),
(1772, 'Ramanagaram', 17, NULL),
(1773, 'Ramdurg', 17, NULL),
(1774, 'Ranibennur', 17, NULL),
(1775, 'Raybag', 17, NULL),
(1776, 'Robertsonpet', 17, NULL),
(1777, 'Ron', 17, NULL),
(1778, 'Sadalgi', 17, NULL),
(1779, 'Sagar', 17, NULL),
(1780, 'Sakleshpur', 17, NULL),
(1781, 'Saligram', 17, NULL),
(1782, 'Sandur', 17, NULL),
(1783, 'Sanivarsante', 17, NULL),
(1784, 'Sankeshwar', 17, NULL),
(1785, 'Sargur', 17, NULL),
(1786, 'Sathyamangala', 17, NULL),
(1787, 'Saundatti Yellamma', 17, NULL),
(1788, 'Savanur', 17, NULL),
(1789, 'Sedam', 17, NULL),
(1790, 'Shahabad', 17, NULL),
(1791, 'Shahabad A.C.C.', 17, NULL),
(1792, 'Shahapur', 17, NULL),
(1793, 'Shahpur', 17, NULL),
(1794, 'Shaktinagar', 17, NULL),
(1795, 'Shiggaon', 17, NULL),
(1796, 'Shikarpur', 17, NULL),
(1797, 'Shimoga', 17, NULL),
(1798, 'Shirhatti', 17, NULL),
(1799, 'Shorapur', 17, NULL),
(1800, 'Shravanabelagola', 17, NULL),
(1801, 'Shrirangapattana', 17, NULL),
(1802, 'Siddapur', 17, NULL),
(1803, 'Sidlaghatta', 17, NULL),
(1804, 'Sindgi', 17, NULL),
(1805, 'Sindhnur', 17, NULL),
(1806, 'Sira', 17, NULL),
(1807, 'Sirakoppa', 17, NULL),
(1808, 'Sirsi', 17, NULL),
(1809, 'Siruguppa', 17, NULL),
(1810, 'Someshwar', 17, NULL),
(1811, 'Somvarpet', 17, NULL),
(1812, 'Sorab', 17, NULL),
(1813, 'Sringeri', 17, NULL),
(1814, 'Srinivaspur', 17, NULL),
(1815, 'Sulya', 17, NULL),
(1816, 'Suntikopa', 17, NULL),
(1817, 'Talikota', 17, NULL),
(1818, 'Tarikera', 17, NULL),
(1819, 'Tekkalakota', 17, NULL),
(1820, 'Terdal', 17, NULL),
(1821, 'Thokur', 17, NULL),
(1822, 'Thumbe', 17, NULL),
(1823, 'Tiptur', 17, NULL),
(1824, 'Tirthahalli', 17, NULL),
(1825, 'Tirumakudal Narsipur', 17, NULL),
(1826, 'Tonse', 17, NULL),
(1827, 'Tumkur', 17, NULL),
(1828, 'Turuvekere', 17, NULL),
(1829, 'Udupi', 17, NULL),
(1830, 'Ullal', 17, NULL),
(1831, 'Uttarahalli', 17, NULL),
(1832, 'Venkatapura', 17, NULL);
INSERT INTO `tb_city` (`city_id`, `city`, `state_id`, `top_city`) VALUES
(1833, 'Vijayapura', 17, NULL),
(1834, 'Virarajendrapet', 17, NULL),
(1835, 'Wadi', 17, NULL),
(1836, 'Wadi A.C.C.', 17, NULL),
(1837, 'Yadgir', 17, NULL),
(1838, 'Yelahanka', 17, NULL),
(1839, 'Yelandur', 17, NULL),
(1840, 'Yelbarga', 17, NULL),
(1841, 'Yellapur', 17, NULL),
(1842, 'Yenagudde', 17, NULL),
(1843, 'Adimaly', 19, NULL),
(1844, 'Adoor', 19, NULL),
(1845, 'Adur', 19, NULL),
(1846, 'Akathiyur', 19, NULL),
(1847, 'Alangad', 19, NULL),
(1848, 'Alappuzha', 19, NULL),
(1849, 'Aluva', 19, NULL),
(1850, 'Ancharakandy', 19, NULL),
(1851, 'Angamaly', 19, NULL),
(1852, 'Aroor', 19, NULL),
(1853, 'Arukutti', 19, NULL),
(1854, 'Attingal', 19, NULL),
(1855, 'Avinissery', 19, NULL),
(1856, 'Azhikode North', 19, NULL),
(1857, 'Azhikode South', 19, NULL),
(1858, 'Azhiyur', 19, NULL),
(1859, 'Balussery', 19, NULL),
(1860, 'Bangramanjeshwar', 19, NULL),
(1861, 'Beypur', 19, NULL),
(1862, 'Brahmakulam', 19, NULL),
(1863, 'Chala', 19, NULL),
(1864, 'Chalakudi', 19, NULL),
(1865, 'Changanacheri', 19, NULL),
(1866, 'Chauwara', 19, NULL),
(1867, 'Chavakkad', 19, NULL),
(1868, 'Chelakkara', 19, NULL),
(1869, 'Chelora', 19, NULL),
(1870, 'Chendamangalam', 19, NULL),
(1871, 'Chengamanad', 19, NULL),
(1872, 'Chengannur', 19, NULL),
(1873, 'Cheranallur', 19, NULL),
(1874, 'Cheriyakadavu', 19, NULL),
(1875, 'Cherthala', 19, NULL),
(1876, 'Cherukunnu', 19, NULL),
(1877, 'Cheruthazham', 19, NULL),
(1878, 'Cheruvannur', 19, NULL),
(1879, 'Cheruvattur', 19, NULL),
(1880, 'Chevvur', 19, NULL),
(1881, 'Chirakkal', 19, NULL),
(1882, 'Chittur', 19, NULL),
(1883, 'Chockli', 19, NULL),
(1884, 'Churnikkara', 19, NULL),
(1885, 'Dharmadam', 19, NULL),
(1886, 'Edappal', 19, NULL),
(1887, 'Edathala', 19, NULL),
(1888, 'Elayavur', 19, NULL),
(1889, 'Elur', 19, NULL),
(1890, 'Eranholi', 19, NULL),
(1891, 'Erattupetta', 19, NULL),
(1892, 'Ernakulam', 19, NULL),
(1893, 'Eruvatti', 19, NULL),
(1894, 'Ettumanoor', 19, NULL),
(1895, 'Feroke', 19, NULL),
(1896, 'Guruvayur', 19, NULL),
(1897, 'Haripad', 19, NULL),
(1898, 'Hosabettu', 19, NULL),
(1899, 'Idukki', 19, NULL),
(1900, 'Iringaprom', 19, NULL),
(1901, 'Irinjalakuda', 19, NULL),
(1902, 'Iriveri', 19, NULL),
(1903, 'Kadachira', 19, NULL),
(1904, 'Kadalundi', 19, NULL),
(1905, 'Kadamakkudy', 19, NULL),
(1906, 'Kadirur', 19, NULL),
(1907, 'Kadungallur', 19, NULL),
(1908, 'Kakkodi', 19, NULL),
(1909, 'Kalady', 19, NULL),
(1910, 'Kalamassery', 19, NULL),
(1911, 'Kalliasseri', 19, NULL),
(1912, 'Kalpetta', 19, NULL),
(1913, 'Kanhangad', 19, NULL),
(1914, 'Kanhirode', 19, NULL),
(1915, 'Kanjikkuzhi', 19, NULL),
(1916, 'Kanjikode', 19, NULL),
(1917, 'Kanjirappalli', 19, NULL),
(1918, 'Kannadiparamba', 19, NULL),
(1919, 'Kannangad', 19, NULL),
(1920, 'Kannapuram', 19, NULL),
(1921, 'Kannur', 19, NULL),
(1922, 'Kannur Cantonment', 19, NULL),
(1923, 'Karunagappally', 19, NULL),
(1924, 'Karuvamyhuruthy', 19, NULL),
(1925, 'Kasaragod', 19, NULL),
(1926, 'Kasargod', 19, NULL),
(1927, 'Kattappana', 19, NULL),
(1928, 'Kayamkulam', 19, NULL),
(1929, 'Kedamangalam', 19, NULL),
(1930, 'Kochi', 19, NULL),
(1931, 'Kodamthuruthu', 19, NULL),
(1932, 'Kodungallur', 19, NULL),
(1933, 'Koduvally', 19, NULL),
(1934, 'Koduvayur', 19, NULL),
(1935, 'Kokkothamangalam', 19, NULL),
(1936, 'Kolazhy', 19, NULL),
(1937, 'Kollam', 19, NULL),
(1938, 'Komalapuram', 19, NULL),
(1939, 'Koothattukulam', 19, NULL),
(1940, 'Koratty', 19, NULL),
(1941, 'Kothamangalam', 19, NULL),
(1942, 'Kottarakkara', 19, NULL),
(1943, 'Kottayam', 19, NULL),
(1944, 'Kottayam Malabar', 19, NULL),
(1945, 'Kottuvally', 19, NULL),
(1946, 'Koyilandi', 19, NULL),
(1947, 'Kozhikode', 19, NULL),
(1948, 'Kudappanakunnu', 19, NULL),
(1949, 'Kudlu', 19, NULL),
(1950, 'Kumarakom', 19, NULL),
(1951, 'Kumily', 19, NULL),
(1952, 'Kunnamangalam', 19, NULL),
(1953, 'Kunnamkulam', 19, NULL),
(1954, 'Kurikkad', 19, NULL),
(1955, 'Kurkkanchery', 19, NULL),
(1956, 'Kuthuparamba', 19, NULL),
(1957, 'Kuttakulam', 19, NULL),
(1958, 'Kuttikkattur', 19, NULL),
(1959, 'Kuttur', 19, NULL),
(1960, 'Malappuram', 19, NULL),
(1961, 'Mallappally', 19, NULL),
(1962, 'Manjeri', 19, NULL),
(1963, 'Manjeshwar', 19, NULL),
(1964, 'Mannancherry', 19, NULL),
(1965, 'Mannar', 19, NULL),
(1966, 'Mannarakkat', 19, NULL),
(1967, 'Maradu', 19, NULL),
(1968, 'Marathakkara', 19, NULL),
(1969, 'Marutharod', 19, NULL),
(1970, 'Mattannur', 19, NULL),
(1971, 'Mavelikara', 19, NULL),
(1972, 'Mavilayi', 19, NULL),
(1973, 'Mavur', 19, NULL),
(1974, 'Methala', 19, NULL),
(1975, 'Muhamma', 19, NULL),
(1976, 'Mulavukad', 19, NULL),
(1977, 'Mundakayam', 19, NULL),
(1978, 'Munderi', 19, NULL),
(1979, 'Munnar', 19, NULL),
(1980, 'Muthakunnam', 19, NULL),
(1981, 'Muvattupuzha', 19, NULL),
(1982, 'Muzhappilangad', 19, NULL),
(1983, 'Nadapuram', 19, NULL),
(1984, 'Nadathara', 19, NULL),
(1985, 'Narath', 19, NULL),
(1986, 'Nattakam', 19, NULL),
(1987, 'Nedumangad', 19, NULL),
(1988, 'Nenmenikkara', 19, NULL),
(1989, 'New Mahe', 19, NULL),
(1990, 'Neyyattinkara', 19, NULL),
(1991, 'Nileshwar', 19, NULL),
(1992, 'Olavanna', 19, NULL),
(1993, 'Ottapalam', 19, NULL),
(1994, 'Ottappalam', 19, NULL),
(1995, 'Paduvilayi', 19, NULL),
(1996, 'Palai', 19, NULL),
(1997, 'Palakkad', 19, NULL),
(1998, 'Palayad', 19, NULL),
(1999, 'Palissery', 19, NULL),
(2000, 'Pallikkunnu', 19, NULL),
(2001, 'Paluvai', 19, NULL),
(2002, 'Panniyannur', 19, NULL),
(2003, 'Pantalam', 19, NULL),
(2004, 'Panthiramkavu', 19, NULL),
(2005, 'Panur', 19, NULL),
(2006, 'Pappinisseri', 19, NULL),
(2007, 'Parassala', 19, NULL),
(2008, 'Paravur', 19, NULL),
(2009, 'Pathanamthitta', 19, NULL),
(2010, 'Pathanapuram', 19, NULL),
(2011, 'Pathiriyad', 19, NULL),
(2012, 'Pattambi', 19, NULL),
(2013, 'Pattiom', 19, NULL),
(2014, 'Pavaratty', 19, NULL),
(2015, 'Payyannur', 19, NULL),
(2016, 'Peermade', 19, NULL),
(2017, 'Perakam', 19, NULL),
(2018, 'Peralasseri', 19, NULL),
(2019, 'Peringathur', 19, NULL),
(2020, 'Perinthalmanna', 19, NULL),
(2021, 'Perole', 19, NULL),
(2022, 'Perumanna', 19, NULL),
(2023, 'Perumbaikadu', 19, NULL),
(2024, 'Perumbavoor', 19, NULL),
(2025, 'Pinarayi', 19, NULL),
(2026, 'Piravam', 19, NULL),
(2027, 'Ponnani', 19, NULL),
(2028, 'Pottore', 19, NULL),
(2029, 'Pudukad', 19, NULL),
(2030, 'Punalur', 19, NULL),
(2031, 'Puranattukara', 19, NULL),
(2032, 'Puthunagaram', 19, NULL),
(2033, 'Puthuppariyaram', 19, NULL),
(2034, 'Puzhathi', 19, NULL),
(2035, 'Ramanattukara', 19, NULL),
(2036, 'Shoranur', 19, NULL),
(2037, 'Sultans Battery', 19, NULL),
(2038, 'Sulthan Bathery', 19, NULL),
(2039, 'Talipparamba', 19, NULL),
(2040, 'Thaikkad', 19, NULL),
(2041, 'Thalassery', 19, NULL),
(2042, 'Thannirmukkam', 19, NULL),
(2043, 'Theyyalingal', 19, NULL),
(2044, 'Thiruvalla', 19, NULL),
(2045, 'Thiruvananthapuram', 19, NULL),
(2046, 'Thiruvankulam', 19, NULL),
(2047, 'Thodupuzha', 19, NULL),
(2048, 'Thottada', 19, NULL),
(2049, 'Thrippunithura', 19, NULL),
(2050, 'Thrissur', 19, NULL),
(2051, 'Tirur', 19, NULL),
(2052, 'Udma', 19, NULL),
(2053, 'Vadakara', 19, NULL),
(2054, 'Vaikam', 19, NULL),
(2055, 'Valapattam', 19, NULL),
(2056, 'Vallachira', 19, NULL),
(2057, 'Varam', 19, NULL),
(2058, 'Varappuzha', 19, NULL),
(2059, 'Varkala', 19, NULL),
(2060, 'Vayalar', 19, NULL),
(2061, 'Vazhakkala', 19, NULL),
(2062, 'Venmanad', 19, NULL),
(2063, 'Villiappally', 19, NULL),
(2064, 'Wayanad', 19, NULL),
(2065, 'Agethi', 20, NULL),
(2066, 'Amini', 20, NULL),
(2067, 'Androth Island', 20, NULL),
(2068, 'Kavaratti', 20, NULL),
(2069, 'Minicoy', 20, NULL),
(2070, 'Agar', 21, NULL),
(2071, 'Ajaigarh', 21, NULL),
(2072, 'Akoda', 21, NULL),
(2073, 'Akodia', 21, NULL),
(2074, 'Alampur', 21, NULL),
(2075, 'Alirajpur', 21, NULL),
(2076, 'Alot', 21, NULL),
(2077, 'Amanganj', 21, NULL),
(2078, 'Amarkantak', 21, NULL),
(2079, 'Amarpatan', 21, NULL),
(2080, 'Amarwara', 21, NULL),
(2081, 'Ambada', 21, NULL),
(2082, 'Ambah', 21, NULL),
(2083, 'Amla', 21, NULL),
(2084, 'Amlai', 21, NULL),
(2085, 'Anjad', 21, NULL),
(2086, 'Antri', 21, NULL),
(2087, 'Anuppur', 21, NULL),
(2088, 'Aron', 21, NULL),
(2089, 'Ashoknagar', 21, NULL),
(2090, 'Ashta', 21, NULL),
(2091, 'Babai', 21, NULL),
(2092, 'Bada Malhera', 21, NULL),
(2093, 'Badagaon', 21, NULL),
(2094, 'Badagoan', 21, NULL),
(2095, 'Badarwas', 21, NULL),
(2096, 'Badawada', 21, NULL),
(2097, 'Badi', 21, NULL),
(2098, 'Badkuhi', 21, NULL),
(2099, 'Badnagar', 21, NULL),
(2100, 'Badnawar', 21, NULL),
(2101, 'Badod', 21, NULL),
(2102, 'Badoda', 21, NULL),
(2103, 'Badra', 21, NULL),
(2104, 'Bagh', 21, NULL),
(2105, 'Bagli', 21, NULL),
(2106, 'Baihar', 21, NULL),
(2107, 'Baikunthpur', 21, NULL),
(2108, 'Bakswaha', 21, NULL),
(2109, 'Balaghat', 21, NULL),
(2110, 'Baldeogarh', 21, NULL),
(2111, 'Bamaniya', 21, NULL),
(2112, 'Bamhani', 21, NULL),
(2113, 'Bamor', 21, NULL),
(2114, 'Bamora', 21, NULL),
(2115, 'Banda', 21, NULL),
(2116, 'Bangawan', 21, NULL),
(2117, 'Bansatar Kheda', 21, NULL),
(2118, 'Baraily', 21, NULL),
(2119, 'Barela', 21, NULL),
(2120, 'Barghat', 21, NULL),
(2121, 'Bargi', 21, NULL),
(2122, 'Barhi', 21, NULL),
(2123, 'Barigarh', 21, NULL),
(2124, 'Barwaha', 21, NULL),
(2125, 'Barwani', 21, NULL),
(2126, 'Basoda', 21, NULL),
(2127, 'Begamganj', 21, NULL),
(2128, 'Beohari', 21, NULL),
(2129, 'Berasia', 21, NULL),
(2130, 'Betma', 21, NULL),
(2131, 'Betul', 21, NULL),
(2132, 'Betul Bazar', 21, NULL),
(2133, 'Bhainsdehi', 21, NULL),
(2134, 'Bhamodi', 21, NULL),
(2135, 'Bhander', 21, NULL),
(2136, 'Bhanpura', 21, NULL),
(2137, 'Bharveli', 21, NULL),
(2138, 'Bhaurasa', 21, NULL),
(2139, 'Bhavra', 21, NULL),
(2140, 'Bhedaghat', 21, NULL),
(2141, 'Bhikangaon', 21, NULL),
(2142, 'Bhilakhedi', 21, NULL),
(2143, 'Bhind', 21, NULL),
(2144, 'Bhitarwar', 21, NULL),
(2145, 'Bhopal', 21, NULL),
(2146, 'Bhuibandh', 21, NULL),
(2147, 'Biaora', 21, NULL),
(2148, 'Bijawar', 21, NULL),
(2149, 'Bijeypur', 21, NULL),
(2150, 'Bijrauni', 21, NULL),
(2151, 'Bijuri', 21, NULL),
(2152, 'Bilaua', 21, NULL),
(2153, 'Bilpura', 21, NULL),
(2154, 'Bina Railway Colony', 21, NULL),
(2155, 'Bina-Etawa', 21, NULL),
(2156, 'Birsinghpur', 21, NULL),
(2157, 'Boda', 21, NULL),
(2158, 'Budhni', 21, NULL),
(2159, 'Burhanpur', 21, NULL),
(2160, 'Burhar', 21, NULL),
(2161, 'Chachaura Binaganj', 21, NULL),
(2162, 'Chakghat', 21, NULL),
(2163, 'Chandameta Butar', 21, NULL),
(2164, 'Chanderi', 21, NULL),
(2165, 'Chandia', 21, NULL),
(2166, 'Chandla', 21, NULL),
(2167, 'Chaurai Khas', 21, NULL),
(2168, 'Chhatarpur', 21, NULL),
(2169, 'Chhindwara', 21, NULL),
(2170, 'Chhota Chhindwara', 21, NULL),
(2171, 'Chichli', 21, NULL),
(2172, 'Chitrakut', 21, NULL),
(2173, 'Churhat', 21, NULL),
(2174, 'Daboh', 21, NULL),
(2175, 'Dabra', 21, NULL),
(2176, 'Damoh', 21, NULL),
(2177, 'Damua', 21, NULL),
(2178, 'Datia', 21, NULL),
(2179, 'Deodara', 21, NULL),
(2180, 'Deori', 21, NULL),
(2181, 'Deori Khas', 21, NULL),
(2182, 'Depalpur', 21, NULL),
(2183, 'Devendranagar', 21, NULL),
(2184, 'Devhara', 21, NULL),
(2185, 'Dewas', 21, NULL),
(2186, 'Dhamnod', 21, NULL),
(2187, 'Dhana', 21, NULL),
(2188, 'Dhanpuri', 21, NULL),
(2189, 'Dhar', 21, NULL),
(2190, 'Dharampuri', 21, NULL),
(2191, 'Dighawani', 21, NULL),
(2192, 'Diken', 21, NULL),
(2193, 'Dindori', 21, NULL),
(2194, 'Dola', 21, NULL),
(2195, 'Dumar Kachhar', 21, NULL),
(2196, 'Dungariya Chhapara', 21, NULL),
(2197, 'Gadarwara', 21, NULL),
(2198, 'Gairatganj', 21, NULL),
(2199, 'Gandhi Sagar Hydel Colony', 21, NULL),
(2200, 'Ganjbasoda', 21, NULL),
(2201, 'Garhakota', 21, NULL),
(2202, 'Garhi Malhara', 21, NULL),
(2203, 'Garoth', 21, NULL),
(2204, 'Gautapura', 21, NULL),
(2205, 'Ghansor', 21, NULL),
(2206, 'Ghuwara', 21, NULL),
(2207, 'Gogaon', 21, NULL),
(2208, 'Gogapur', 21, NULL),
(2209, 'Gohad', 21, NULL),
(2210, 'Gormi', 21, NULL),
(2211, 'Govindgarh', 21, NULL),
(2212, 'Guna', 21, NULL),
(2213, 'Gurh', 21, NULL),
(2214, 'Gwalior', 21, NULL),
(2215, 'Hanumana', 21, NULL),
(2216, 'Harda', 21, NULL),
(2217, 'Harpalpur', 21, NULL),
(2218, 'Harrai', 21, NULL),
(2219, 'Harsud', 21, NULL),
(2220, 'Hatod', 21, NULL),
(2221, 'Hatpipalya', 21, NULL),
(2222, 'Hatta', 21, NULL),
(2223, 'Hindoria', 21, NULL),
(2224, 'Hirapur', 21, NULL),
(2225, 'Hoshangabad', 21, NULL),
(2226, 'Ichhawar', 21, NULL),
(2227, 'Iklehra', 21, NULL),
(2228, 'Indergarh', 21, NULL),
(2229, 'Indore', 21, NULL),
(2230, 'Isagarh', 21, NULL),
(2231, 'Itarsi', 21, NULL),
(2232, 'Jabalpur', 21, NULL),
(2233, 'Jabalpur Cantonment', 21, NULL),
(2234, 'Jabalpur G.C.F', 21, NULL),
(2235, 'Jaisinghnagar', 21, NULL),
(2236, 'Jaithari', 21, NULL),
(2237, 'Jaitwara', 21, NULL),
(2238, 'Jamai', 21, NULL),
(2239, 'Jaora', 21, NULL),
(2240, 'Jatachhapar', 21, NULL),
(2241, 'Jatara', 21, NULL),
(2242, 'Jawad', 21, NULL),
(2243, 'Jawar', 21, NULL),
(2244, 'Jeronkhalsa', 21, NULL),
(2245, 'Jhabua', 21, NULL),
(2246, 'Jhundpura', 21, NULL),
(2247, 'Jiran', 21, NULL),
(2248, 'Jirapur', 21, NULL),
(2249, 'Jobat', 21, NULL),
(2250, 'Joura', 21, NULL),
(2251, 'Kailaras', 21, NULL),
(2252, 'Kaimur', 21, NULL),
(2253, 'Kakarhati', 21, NULL),
(2254, 'Kalichhapar', 21, NULL),
(2255, 'Kanad', 21, NULL),
(2256, 'Kannod', 21, NULL),
(2257, 'Kantaphod', 21, NULL),
(2258, 'Kareli', 21, NULL),
(2259, 'Karera', 21, NULL),
(2260, 'Kari', 21, NULL),
(2261, 'Karnawad', 21, NULL),
(2262, 'Karrapur', 21, NULL),
(2263, 'Kasrawad', 21, NULL),
(2264, 'Katangi', 21, NULL),
(2265, 'Katni', 21, NULL),
(2266, 'Kelhauri', 21, NULL),
(2267, 'Khachrod', 21, NULL),
(2268, 'Khajuraho', 21, NULL),
(2269, 'Khamaria', 21, NULL),
(2270, 'Khand', 21, NULL),
(2271, 'Khandwa', 21, NULL),
(2272, 'Khaniyadhana', 21, NULL),
(2273, 'Khargapur', 21, NULL),
(2274, 'Khargone', 21, NULL),
(2275, 'Khategaon', 21, NULL),
(2276, 'Khetia', 21, NULL),
(2277, 'Khilchipur', 21, NULL),
(2278, 'Khirkiya', 21, NULL),
(2279, 'Khujner', 21, NULL),
(2280, 'Khurai', 21, NULL),
(2281, 'Kolaras', 21, NULL),
(2282, 'Kotar', 21, NULL),
(2283, 'Kothi', 21, NULL),
(2284, 'Kotma', 21, NULL),
(2285, 'Kukshi', 21, NULL),
(2286, 'Kumbhraj', 21, NULL),
(2287, 'Kurwai', 21, NULL),
(2288, 'Lahar', 21, NULL),
(2289, 'Lakhnadon', 21, NULL),
(2290, 'Lateri', 21, NULL),
(2291, 'Laundi', 21, NULL),
(2292, 'Lidhora Khas', 21, NULL),
(2293, 'Lodhikheda', 21, NULL),
(2294, 'Loharda', 21, NULL),
(2295, 'Machalpur', 21, NULL),
(2296, 'Madhogarh', 21, NULL),
(2297, 'Maharajpur', 21, NULL),
(2298, 'Maheshwar', 21, NULL),
(2299, 'Mahidpur', 21, NULL),
(2300, 'Maihar', 21, NULL),
(2301, 'Majholi', 21, NULL),
(2302, 'Makronia', 21, NULL),
(2303, 'Maksi', 21, NULL),
(2304, 'Malaj Khand', 21, NULL),
(2305, 'Malanpur', 21, NULL),
(2306, 'Malhargarh', 21, NULL),
(2307, 'Manasa', 21, NULL),
(2308, 'Manawar', 21, NULL),
(2309, 'Mandav', 21, NULL),
(2310, 'Mandideep', 21, NULL),
(2311, 'Mandla', 21, NULL),
(2312, 'Mandleshwar', 21, NULL),
(2313, 'Mandsaur', 21, NULL),
(2314, 'Manegaon', 21, NULL),
(2315, 'Mangawan', 21, NULL),
(2316, 'Manglaya Sadak', 21, NULL),
(2317, 'Manpur', 21, NULL),
(2318, 'Mau', 21, NULL),
(2319, 'Mauganj', 21, NULL),
(2320, 'Meghnagar', 21, NULL),
(2321, 'Mehara Gaon', 21, NULL),
(2322, 'Mehgaon', 21, NULL),
(2323, 'Mhaugaon', 21, NULL),
(2324, 'Mhow', 21, NULL),
(2325, 'Mihona', 21, NULL),
(2326, 'Mohgaon', 21, NULL),
(2327, 'Morar', 21, NULL),
(2328, 'Morena', 21, NULL),
(2329, 'Morwa', 21, NULL),
(2330, 'Multai', 21, NULL),
(2331, 'Mundi', 21, NULL),
(2332, 'Mungaoli', 21, NULL),
(2333, 'Murwara', 21, NULL),
(2334, 'Nagda', 21, NULL),
(2335, 'Nagod', 21, NULL),
(2336, 'Nagri', 21, NULL),
(2337, 'Naigarhi', 21, NULL),
(2338, 'Nainpur', 21, NULL),
(2339, 'Nalkheda', 21, NULL),
(2340, 'Namli', 21, NULL),
(2341, 'Narayangarh', 21, NULL),
(2342, 'Narsimhapur', 21, NULL),
(2343, 'Narsingarh', 21, NULL),
(2344, 'Narsinghpur', 21, NULL),
(2345, 'Narwar', 21, NULL),
(2346, 'Nasrullaganj', 21, NULL),
(2347, 'Naudhia', 21, NULL),
(2348, 'Naugaon', 21, NULL),
(2349, 'Naurozabad', 21, NULL),
(2350, 'Neemuch', 21, NULL),
(2351, 'Nepa Nagar', 21, NULL),
(2352, 'Neuton Chikhli Kalan', 21, NULL),
(2353, 'Nimach', 21, NULL),
(2354, 'Niwari', 21, NULL),
(2355, 'Obedullaganj', 21, NULL),
(2356, 'Omkareshwar', 21, NULL),
(2357, 'Orachha', 21, NULL),
(2358, 'Ordinance Factory Itarsi', 21, NULL),
(2359, 'Pachmarhi', 21, NULL),
(2360, 'Pachmarhi Cantonment', 21, NULL),
(2361, 'Pachore', 21, NULL),
(2362, 'Palchorai', 21, NULL),
(2363, 'Palda', 21, NULL),
(2364, 'Palera', 21, NULL),
(2365, 'Pali', 21, NULL),
(2366, 'Panagar', 21, NULL),
(2367, 'Panara', 21, NULL),
(2368, 'Pandaria', 21, NULL),
(2369, 'Pandhana', 21, NULL),
(2370, 'Pandhurna', 21, NULL),
(2371, 'Panna', 21, NULL),
(2372, 'Pansemal', 21, NULL),
(2373, 'Parasia', 21, NULL),
(2374, 'Pasan', 21, NULL),
(2375, 'Patan', 21, NULL),
(2376, 'Patharia', 21, NULL),
(2377, 'Pawai', 21, NULL),
(2378, 'Petlawad', 21, NULL),
(2379, 'Phuph Kalan', 21, NULL),
(2380, 'Pichhore', 21, NULL),
(2381, 'Pipariya', 21, NULL),
(2382, 'Pipliya Mandi', 21, NULL),
(2383, 'Piploda', 21, NULL),
(2384, 'Pithampur', 21, NULL),
(2385, 'Polay Kalan', 21, NULL),
(2386, 'Porsa', 21, NULL),
(2387, 'Prithvipur', 21, NULL),
(2388, 'Raghogarh', 21, NULL),
(2389, 'Rahatgarh', 21, NULL),
(2390, 'Raisen', 21, NULL),
(2391, 'Rajakhedi', 21, NULL),
(2392, 'Rajgarh', 21, NULL),
(2393, 'Rajnagar', 21, NULL),
(2394, 'Rajpur', 21, NULL),
(2395, 'Rampur Baghelan', 21, NULL),
(2396, 'Rampur Naikin', 21, NULL),
(2397, 'Rampura', 21, NULL),
(2398, 'Ranapur', 21, NULL),
(2399, 'Ranipura', 21, NULL),
(2400, 'Ratangarh', 21, NULL),
(2401, 'Ratlam', 21, NULL),
(2402, 'Ratlam Kasba', 21, NULL),
(2403, 'Rau', 21, NULL),
(2404, 'Rehli', 21, NULL),
(2405, 'Rehti', 21, NULL),
(2406, 'Rewa', 21, NULL),
(2407, 'Sabalgarh', 21, NULL),
(2408, 'Sagar', 21, NULL),
(2409, 'Sagar Cantonment', 21, NULL),
(2410, 'Sailana', 21, NULL),
(2411, 'Sanawad', 21, NULL),
(2412, 'Sanchi', 21, NULL),
(2413, 'Sanwer', 21, NULL),
(2414, 'Sarangpur', 21, NULL),
(2415, 'Sardarpur', 21, NULL),
(2416, 'Sarni', 21, NULL),
(2417, 'Satai', 21, NULL),
(2418, 'Satna', 21, NULL),
(2419, 'Satwas', 21, NULL),
(2420, 'Sausar', 21, NULL),
(2421, 'Sehore', 21, NULL),
(2422, 'Semaria', 21, NULL),
(2423, 'Sendhwa', 21, NULL),
(2424, 'Seondha', 21, NULL),
(2425, 'Seoni', 21, NULL),
(2426, 'Seoni Malwa', 21, NULL),
(2427, 'Sethia', 21, NULL),
(2428, 'Shahdol', 21, NULL),
(2429, 'Shahgarh', 21, NULL),
(2430, 'Shahpur', 21, NULL),
(2431, 'Shahpura', 21, NULL),
(2432, 'Shajapur', 21, NULL),
(2433, 'Shamgarh', 21, NULL),
(2434, 'Sheopur', 21, NULL),
(2435, 'Shivpuri', 21, NULL),
(2436, 'Shujalpur', 21, NULL),
(2437, 'Sidhi', 21, NULL),
(2438, 'Sihora', 21, NULL),
(2439, 'Singolo', 21, NULL),
(2440, 'Singrauli', 21, NULL),
(2441, 'Sinhasa', 21, NULL),
(2442, 'Sirgora', 21, NULL),
(2443, 'Sirmaur', 21, NULL),
(2444, 'Sironj', 21, NULL),
(2445, 'Sitamau', 21, NULL),
(2446, 'Sohagpur', 21, NULL),
(2447, 'Sonkatch', 21, NULL),
(2448, 'Soyatkalan', 21, NULL),
(2449, 'Suhagi', 21, NULL),
(2450, 'Sultanpur', 21, NULL),
(2451, 'Susner', 21, NULL),
(2452, 'Suthaliya', 21, NULL),
(2453, 'Tal', 21, NULL),
(2454, 'Talen', 21, NULL),
(2455, 'Tarana', 21, NULL),
(2456, 'Taricharkalan', 21, NULL),
(2457, 'Tekanpur', 21, NULL),
(2458, 'Tendukheda', 21, NULL),
(2459, 'Teonthar', 21, NULL),
(2460, 'Thandia', 21, NULL),
(2461, 'Tikamgarh', 21, NULL),
(2462, 'Timarni', 21, NULL),
(2463, 'Tirodi', 21, NULL),
(2464, 'Udaipura', 21, NULL),
(2465, 'Ujjain', 21, NULL),
(2466, 'Ukwa', 21, NULL),
(2467, 'Umaria', 21, NULL),
(2468, 'Unchahara', 21, NULL),
(2469, 'Unhel', 21, NULL),
(2470, 'Vehicle Factory Jabalpur', 21, NULL),
(2471, 'Vidisha', 21, NULL),
(2472, 'Vijayraghavgarh', 21, NULL),
(2473, 'Waraseoni', 21, NULL),
(2474, 'Achalpur', 22, NULL),
(2475, 'Aheri', 22, NULL),
(2476, 'Ahmadnagar Cantonment', 22, NULL),
(2477, 'Ahmadpur', 22, NULL),
(2478, 'Ahmednagar', 22, 5),
(2479, 'Ajra', 22, 3),
(2480, 'Akalkot', 22, NULL),
(2481, 'Akkalkuwa', 22, NULL),
(2482, 'Akola', 22, 4),
(2483, 'Akot', 22, NULL),
(2484, 'Alandi', 22, NULL),
(2485, 'Alibag', 22, NULL),
(2486, 'Allapalli', 22, NULL),
(2487, 'Alore', 22, NULL),
(2488, 'Amalner', 22, NULL),
(2489, 'Ambad', 22, NULL),
(2490, 'Ambajogai', 22, 4),
(2491, 'Ambernath', 22, NULL),
(2492, 'Ambivali Tarf Wankhal', 22, NULL),
(2493, 'Amgaon', 22, NULL),
(2494, 'Amravati', 22, 6),
(2495, 'Anjangaon', 22, NULL),
(2496, 'Arvi', 22, NULL),
(2497, 'Ashta', 22, NULL),
(2498, 'Ashti', 22, NULL),
(2499, 'Aurangabad', 22, 2),
(2500, 'Aurangabad Cantonment', 22, NULL),
(2501, 'Ausa', 22, NULL),
(2502, 'Babhulgaon', 22, NULL),
(2503, 'Badlapur', 22, 1),
(2504, 'Balapur', 22, NULL),
(2505, 'Ballarpur', 22, NULL),
(2506, 'Baramati', 22, 1),
(2507, 'Barshi', 22, NULL),
(2508, 'Basmat', 22, NULL),
(2509, 'Beed', 22, NULL),
(2510, 'Bhadravati', 22, NULL),
(2511, 'Bhagur', 22, NULL),
(2512, 'Bhandara', 22, NULL),
(2513, 'Bhigvan', 22, NULL),
(2514, 'Bhingar', 22, NULL),
(2515, 'Bhiwandi', 22, 2),
(2516, 'Bhokhardan', 22, NULL),
(2517, 'Bhor', 22, NULL),
(2518, 'Bhosari', 22, 8),
(2519, 'Bhum', 22, NULL),
(2520, 'Bhusawal', 22, NULL),
(2521, 'Bid', 22, NULL),
(2522, 'Biloli', 22, NULL),
(2523, 'Birwadi', 22, NULL),
(2524, 'Boisar', 22, NULL),
(2525, 'Bop Khel', 22, 6),
(2526, 'Brahmapuri', 22, NULL),
(2527, 'Budhgaon', 22, NULL),
(2528, 'Buldana', 22, NULL),
(2529, 'Buldhana', 22, NULL),
(2530, 'Butibori', 22, NULL),
(2531, 'Chakan', 22, 10),
(2532, 'Chalisgaon', 22, 4),
(2533, 'Chandrapur', 22, NULL),
(2534, 'Chandur', 22, NULL),
(2535, 'Chandur Bazar', 22, NULL),
(2536, 'Chandvad', 22, NULL),
(2537, 'Chicholi', 22, NULL),
(2538, 'Chikhala', 22, NULL),
(2539, 'Chikhaldara', 22, NULL),
(2540, 'Chikhli', 22, 7),
(2541, 'Chinchani', 22, NULL),
(2542, 'Chinchwad', 22, 3),
(2543, 'Chiplun', 22, NULL),
(2544, 'Chopda', 22, NULL),
(2545, 'Dabhol', 22, NULL),
(2546, 'Dahance', 22, NULL),
(2547, 'Dahanu', 22, NULL),
(2548, 'Daharu', 22, NULL),
(2549, 'Dapoli Camp', 22, NULL),
(2550, 'Darwa', 22, NULL),
(2551, 'Daryapur', 22, NULL),
(2552, 'Dattapur', 22, NULL),
(2553, 'Daund', 22, NULL),
(2554, 'Davlameti', 22, NULL),
(2555, 'Deglur', 22, NULL),
(2556, 'Dehu Road', 22, 6),
(2557, 'Deolali', 22, NULL),
(2558, 'Deolali Pravara', 22, NULL),
(2559, 'Deoli', 22, NULL),
(2560, 'Desaiganj', 22, NULL),
(2561, 'Deulgaon Raja', 22, NULL),
(2562, 'Dewhadi', 22, NULL),
(2563, 'Dharangaon', 22, NULL),
(2564, 'Dharmabad', 22, NULL),
(2565, 'Dharur', 22, NULL),
(2566, 'Dhatau', 22, NULL),
(2567, 'Dhule', 22, 5),
(2568, 'Digdoh', 22, NULL),
(2569, 'Diglur', 22, NULL),
(2570, 'Digras', 22, NULL),
(2571, 'Dombivli', 22, NULL),
(2572, 'Dondaicha', 22, NULL),
(2573, 'Dudhani', 22, NULL),
(2574, 'Durgapur', 22, NULL),
(2575, 'Dyane', 22, NULL),
(2576, 'Edandol', 22, NULL),
(2577, 'Eklahare', 22, NULL),
(2578, 'Faizpur', 22, NULL),
(2579, 'Fekari', 22, NULL),
(2580, 'Gadchiroli', 22, NULL),
(2581, 'Gadhinghaj', 22, NULL),
(2582, 'Gandhi Nagar', 22, NULL),
(2583, 'Ganeshpur', 22, NULL),
(2584, 'Gangakher', 22, NULL),
(2585, 'Gangapur', 22, NULL),
(2586, 'Gevrai', 22, NULL),
(2587, 'Ghatanji', 22, NULL),
(2588, 'Ghoti', 22, NULL),
(2589, 'Ghugus', 22, NULL),
(2590, 'Ghulewadi', 22, NULL),
(2591, 'Godoli', 22, NULL),
(2592, 'Gondia', 22, NULL),
(2593, 'Guhagar', 22, NULL),
(2594, 'Hadgaon', 22, NULL),
(2595, 'Harnai Beach', 22, NULL),
(2596, 'Hinganghat', 22, NULL),
(2597, 'Hingoli', 22, NULL),
(2598, 'Hupari', 22, NULL),
(2599, 'Ichalkaranji', 22, NULL),
(2600, 'Igatpuri', 22, NULL),
(2601, 'Indapur', 22, NULL),
(2602, 'Jaisinghpur', 22, NULL),
(2603, 'Jalgaon', 22, NULL),
(2604, 'Jalna', 22, NULL),
(2605, 'Jamkhed', 22, NULL),
(2606, 'Jawhar', 22, NULL),
(2607, 'Jaysingpur', 22, NULL),
(2608, 'Jejuri', 22, NULL),
(2609, 'Jintur', 22, NULL),
(2610, 'Junnar', 22, NULL),
(2611, 'Kabnur', 22, NULL),
(2612, 'Kagal', 22, NULL),
(2613, 'Kalamb', 22, NULL),
(2614, 'Kalamnuri', 22, NULL),
(2615, 'Kalas', 22, NULL),
(2616, 'Kalmeshwar', 22, NULL),
(2617, 'Kalundre', 22, NULL),
(2618, 'Kalyan', 22, 9),
(2619, 'Kamthi', 22, NULL),
(2620, 'Kamthi Cantonment', 22, NULL),
(2621, 'Kandari', 22, NULL),
(2622, 'Kandhar', 22, NULL),
(2623, 'Kandri', 22, NULL),
(2624, 'Kandri II', 22, NULL),
(2625, 'Kanhan', 22, NULL),
(2626, 'Kankavli', 22, NULL),
(2627, 'Kannad', 22, NULL),
(2628, 'Karad', 22, NULL),
(2629, 'Karanja', 22, NULL),
(2630, 'Karanje Tarf', 22, NULL),
(2631, 'Karivali', 22, NULL),
(2632, 'Karjat', 22, 5),
(2633, 'Karmala', 22, NULL),
(2634, 'Kasara Budruk', 22, NULL),
(2635, 'Katai', 22, NULL),
(2636, 'Katkar', 22, NULL),
(2637, 'Katol', 22, NULL),
(2638, 'Kegaon', 22, NULL),
(2639, 'Khadkale', 22, NULL),
(2640, 'Khadki', 22, NULL),
(2641, 'Khamgaon', 22, NULL),
(2642, 'Khapa', 22, NULL),
(2643, 'Kharadi', 22, 11),
(2644, 'Kharakvasla', 22, NULL),
(2645, 'Khed', 22, NULL),
(2646, 'Kherdi', 22, NULL),
(2647, 'Khoni', 22, NULL),
(2648, 'Khopoli', 22, NULL),
(2649, 'Khuldabad', 22, NULL),
(2650, 'Kinwat', 22, NULL),
(2651, 'Kodoli', 22, NULL),
(2652, 'Kolhapur', 22, 7),
(2653, 'Kon', 22, NULL),
(2654, 'Kondumal', 22, NULL),
(2655, 'Kopargaon', 22, NULL),
(2656, 'Kopharad', 22, NULL),
(2657, 'Koradi', 22, NULL),
(2658, 'Koregaon', 22, 5),
(2659, 'Korochi', 22, NULL),
(2660, 'Kudal', 22, NULL),
(2661, 'Kundaim', 22, NULL),
(2662, 'Kundalwadi', 22, NULL),
(2663, 'Kurandvad', 22, NULL),
(2664, 'Kurduvadi', 22, NULL),
(2665, 'Kusgaon Budruk', 22, NULL),
(2666, 'Lanja', 22, NULL),
(2667, 'Lasalgaon', 22, NULL),
(2668, 'Latur', 22, NULL),
(2669, 'Loha', 22, NULL),
(2670, 'Lohegaon', 22, NULL),
(2671, 'Lonar', 22, NULL),
(2672, 'Lonavala', 22, 4),
(2673, 'Madhavnagar', 22, NULL),
(2674, 'Mahabaleshwar', 22, NULL),
(2675, 'Mahad', 22, 4),
(2676, 'Mahadula', 22, NULL),
(2677, 'Maindargi', 22, NULL),
(2678, 'Majalgaon', 22, NULL),
(2679, 'Malegaon', 22, NULL),
(2680, 'Malgaon', 22, NULL),
(2681, 'Malkapur', 22, NULL),
(2682, 'Malwan', 22, NULL),
(2683, 'Manadur', 22, NULL),
(2684, 'Manchar', 22, NULL),
(2685, 'Mangalvedhe', 22, NULL),
(2686, 'Mangrul Pir', 22, NULL),
(2687, 'Manmad', 22, NULL),
(2688, 'Manor', 22, NULL),
(2689, 'Mansar', 22, NULL),
(2690, 'Manwath', 22, NULL),
(2691, 'Mapuca', 22, NULL),
(2692, 'Matheran', 22, NULL),
(2693, 'Mehkar', 22, NULL),
(2694, 'Mhasla', 22, NULL),
(2695, 'Mhaswad', 22, NULL),
(2696, 'Mira Bhayandar', 22, NULL),
(2697, 'Miraj', 22, 1),
(2698, 'Mohpa', 22, NULL),
(2699, 'Mohpada', 22, NULL),
(2700, 'Moram', 22, NULL),
(2701, 'Morshi', 22, NULL),
(2702, 'Mowad', 22, NULL),
(2703, 'Mudkhed', 22, NULL),
(2704, 'Mukhed', 22, NULL),
(2705, 'Mul', 22, NULL),
(2706, 'Mulshi', 22, NULL),
(2707, 'Mumbai', 22, 88),
(2708, 'Murbad', 22, NULL),
(2709, 'Murgud', 22, NULL),
(2710, 'Murtijapur', 22, NULL),
(2711, 'Murud', 22, NULL),
(2712, 'Nachane', 22, NULL),
(2713, 'Nagardeole', 22, NULL),
(2714, 'Nagothane', 22, NULL),
(2715, 'Nagpur', 22, 7),
(2716, 'Nakoda', 22, NULL),
(2717, 'Nalasopara', 22, NULL),
(2718, 'Naldurg', 22, NULL),
(2719, 'Nanded', 22, NULL),
(2720, 'Nandgaon', 22, NULL),
(2721, 'Nandura', 22, NULL),
(2722, 'Nandurbar', 22, NULL),
(2723, 'Narkhed', 22, NULL),
(2724, 'Nashik', 22, 10),
(2725, 'Navapur', 22, NULL),
(2726, 'Navi Mumbai', 22, 22),
(2727, 'Navi Mumbai Panvel', 22, 1),
(2728, 'Neral', 22, NULL),
(2729, 'Nigdi', 22, 10),
(2730, 'Nilanga', 22, NULL),
(2731, 'Nildoh', 22, NULL),
(2732, 'Nimbhore', 22, NULL),
(2733, 'Ojhar', 22, NULL),
(2734, 'Osmanabad', 22, 1),
(2735, 'Pachgaon', 22, NULL),
(2736, 'Pachora', 22, NULL),
(2737, 'Padagha', 22, NULL),
(2738, 'Paithan', 22, 1),
(2739, 'Palghar', 22, 5),
(2740, 'Pali', 22, 1),
(2741, 'Panchgani', 22, NULL),
(2742, 'Pandhakarwada', 22, NULL),
(2743, 'Pandharpur', 22, NULL),
(2744, 'Panhala', 22, NULL),
(2745, 'Panvel', 22, 6),
(2746, 'Paranda', 22, NULL),
(2747, 'Parbhani', 22, NULL),
(2748, 'Parli', 22, 1),
(2749, 'Parola', 22, NULL),
(2750, 'Partur', 22, NULL),
(2751, 'Pasthal', 22, NULL),
(2752, 'Patan', 22, NULL),
(2753, 'Pathardi', 22, NULL),
(2754, 'Pathri', 22, NULL),
(2755, 'Patur', 22, NULL),
(2756, 'Pawni', 22, NULL),
(2757, 'Pen', 22, NULL),
(2758, 'Pethumri', 22, NULL),
(2759, 'Phaltan', 22, NULL),
(2760, 'Pimpri', 22, 11),
(2761, 'Poladpur', 22, NULL),
(2762, 'Pulgaon', 22, NULL),
(2763, 'Pune', 22, 99),
(2764, 'Pune Cantonment', 22, 7),
(2765, 'Purna', 22, NULL),
(2766, 'Purushottamnagar', 22, NULL),
(2767, 'Pusad', 22, NULL),
(2768, 'Rahimatpur', 22, NULL),
(2769, 'Rahta Pimplas', 22, NULL),
(2770, 'Rahuri', 22, NULL),
(2771, 'Raigad', 22, 1),
(2772, 'Rajapur', 22, NULL),
(2773, 'Rajgurunagar', 22, NULL),
(2774, 'Rajur', 22, NULL),
(2775, 'Rajura', 22, NULL),
(2776, 'Ramtek', 22, NULL),
(2777, 'Ratnagiri', 22, NULL),
(2778, 'Ravalgaon', 22, NULL),
(2779, 'Raver', 22, NULL),
(2780, 'Revadanda', 22, NULL),
(2781, 'Risod', 22, NULL),
(2782, 'Roha Ashtami', 22, NULL),
(2783, 'Sakri', 22, NULL),
(2784, 'Sandor', 22, NULL),
(2785, 'Sangamner', 22, NULL),
(2786, 'Sangli', 22, 9),
(2787, 'Sangole', 22, NULL),
(2788, 'Sasti', 22, NULL),
(2789, 'Sasvad', 22, 8),
(2790, 'Satana', 22, NULL),
(2791, 'Satara', 22, 7),
(2792, 'Savantvadi', 22, NULL),
(2793, 'Savda', 22, NULL),
(2794, 'Savner', 22, NULL),
(2795, 'Sawari Jawharnagar', 22, NULL),
(2796, 'Selu', 22, NULL),
(2797, 'Shahada', 22, NULL),
(2798, 'Shahapur', 22, NULL),
(2799, 'Shegaon', 22, NULL),
(2800, 'Shelar', 22, NULL),
(2801, 'Shendurjana', 22, NULL),
(2802, 'Shirdi', 22, NULL),
(2803, 'Shirgaon', 22, NULL),
(2804, 'Shirpur', 22, NULL),
(2805, 'Shirur', 22, NULL),
(2806, 'Shirwal', 22, NULL),
(2807, 'Shivatkar', 22, NULL),
(2808, 'Shrigonda', 22, NULL),
(2809, 'Shrirampur', 22, NULL),
(2810, 'Shrirampur Rural', 22, NULL),
(2811, 'Sillewada', 22, NULL),
(2812, 'Sillod', 22, NULL),
(2813, 'Sindhudurg', 22, NULL),
(2814, 'Sindi', 22, NULL),
(2815, 'Sindi Turf Hindnagar', 22, NULL),
(2816, 'Sindkhed Raja', 22, NULL),
(2817, 'Singnapur', 22, NULL),
(2818, 'Sinnar', 22, NULL),
(2819, 'Sirur', 22, NULL),
(2820, 'Sitasawangi', 22, NULL),
(2821, 'Solapur', 22, 9),
(2822, 'Sonai', 22, NULL),
(2823, 'Sonegaon', 22, NULL),
(2824, 'Soyagaon', 22, NULL),
(2825, 'Srivardhan', 22, NULL),
(2826, 'Surgana', 22, NULL),
(2827, 'Talegaon Dabhade', 22, NULL),
(2828, 'Taloda', 22, NULL),
(2829, 'Taloja', 22, NULL),
(2830, 'Talwade', 22, NULL),
(2831, 'Tarapur', 22, NULL),
(2832, 'Tasgaon', 22, NULL),
(2833, 'Tathavade', 22, NULL),
(2834, 'Tekadi', 22, NULL),
(2835, 'Telhara', 22, NULL),
(2836, 'Thane', 22, NULL),
(2837, 'Tirira', 22, NULL),
(2838, 'Totaladoh', 22, NULL),
(2839, 'Trimbak', 22, NULL),
(2840, 'Tuljapur', 22, 7),
(2841, 'Tumsar', 22, NULL),
(2842, 'Uchgaon', 22, NULL),
(2843, 'Udgir', 22, NULL),
(2844, 'Ulhasnagar', 22, NULL),
(2845, 'Umarga', 22, NULL),
(2846, 'Umarkhed', 22, NULL),
(2847, 'Umarsara', 22, NULL),
(2848, 'Umbar Pada Nandade', 22, NULL),
(2849, 'Umred', 22, NULL),
(2850, 'Umri Pragane Balapur', 22, NULL),
(2851, 'Uran', 22, NULL),
(2852, 'Uran Islampur', 22, NULL),
(2853, 'Utekhol', 22, NULL),
(2854, 'Vada', 22, NULL),
(2855, 'Vadgaon', 22, 7),
(2856, 'Vadgaon Kasba', 22, NULL),
(2857, 'Vaijapur', 22, NULL),
(2858, 'Vanvadi', 22, NULL),
(2859, 'Varangaon', 22, NULL),
(2860, 'Vasai', 22, NULL),
(2861, 'Vasantnagar', 22, NULL),
(2862, 'Vashind', 22, NULL),
(2863, 'Vengurla', 22, NULL),
(2864, 'Virar', 22, NULL),
(2865, 'Visapur', 22, NULL),
(2866, 'Vite', 22, NULL),
(2867, 'Vithalwadi', 22, NULL),
(2868, 'Wadi', 22, NULL),
(2869, 'Waghapur', 22, NULL),
(2870, 'Wai', 22, NULL),
(2871, 'Wajegaon', 22, NULL),
(2872, 'Walani', 22, NULL),
(2873, 'Wanadongri', 22, NULL),
(2874, 'Wani', 22, NULL),
(2875, 'Wardha', 22, NULL),
(2876, 'Warora', 22, NULL),
(2877, 'Warthi', 22, NULL),
(2878, 'Warud', 22, NULL),
(2879, 'Washim', 22, NULL),
(2880, 'Yaval', 22, NULL),
(2881, 'Yavatmal', 22, 55),
(2882, 'Yeola', 22, NULL),
(2883, 'Yerkheda', 22, NULL),
(2884, 'Andro', 23, NULL),
(2885, 'Bijoy Govinda', 23, NULL),
(2886, 'Bishnupur', 23, NULL),
(2887, 'Churachandpur', 23, NULL),
(2888, 'Heriok', 23, NULL),
(2889, 'Imphal', 23, NULL),
(2890, 'Jiribam', 23, NULL),
(2891, 'Kakching', 23, NULL),
(2892, 'Kakching Khunou', 23, NULL),
(2893, 'Khongman', 23, NULL),
(2894, 'Kumbi', 23, NULL),
(2895, 'Kwakta', 23, NULL),
(2896, 'Lamai', 23, NULL),
(2897, 'Lamjaotongba', 23, NULL),
(2898, 'Lamshang', 23, NULL),
(2899, 'Lilong', 23, NULL),
(2900, 'Mayang Imphal', 23, NULL),
(2901, 'Moirang', 23, NULL),
(2902, 'Moreh', 23, NULL),
(2903, 'Nambol', 23, NULL),
(2904, 'Naoriya Pakhanglakpa', 23, NULL),
(2905, 'Ningthoukhong', 23, NULL),
(2906, 'Oinam', 23, NULL),
(2907, 'Porompat', 23, NULL),
(2908, 'Samurou', 23, NULL),
(2909, 'Sekmai Bazar', 23, NULL),
(2910, 'Senapati', 23, NULL),
(2911, 'Sikhong Sekmai', 23, NULL),
(2912, 'Sugnu', 23, NULL),
(2913, 'Thongkhong Laxmi Bazar', 23, NULL),
(2914, 'Thoubal', 23, NULL),
(2915, 'Torban', 23, NULL),
(2916, 'Wangjing', 23, NULL),
(2917, 'Wangoi', 23, NULL),
(2918, 'Yairipok', 23, NULL),
(2919, 'Baghmara', 24, NULL),
(2920, 'Cherrapunji', 24, NULL),
(2921, 'Jawai', 24, NULL),
(2922, 'Madanrting', 24, NULL),
(2923, 'Mairang', 24, NULL),
(2924, 'Mawlai', 24, NULL),
(2925, 'Nongmynsong', 24, NULL),
(2926, 'Nongpoh', 24, NULL),
(2927, 'Nongstoin', 24, NULL),
(2928, 'Nongthymmai', 24, NULL),
(2929, 'Pynthorumkhrah', 24, NULL),
(2930, 'Resubelpara', 24, NULL),
(2931, 'Shillong', 24, NULL),
(2932, 'Shillong Cantonment', 24, NULL),
(2933, 'Tura', 24, NULL),
(2934, 'Williamnagar', 24, NULL),
(2935, 'Aizawl', 25, NULL),
(2936, 'Bairabi', 25, NULL),
(2937, 'Biate', 25, NULL),
(2938, 'Champhai', 25, NULL),
(2939, 'Darlawn', 25, NULL),
(2940, 'Hnahthial', 25, NULL),
(2941, 'Kawnpui', 25, NULL),
(2942, 'Khawhai', 25, NULL),
(2943, 'Khawzawl', 25, NULL),
(2944, 'Kolasib', 25, NULL),
(2945, 'Lengpui', 25, NULL),
(2946, 'Lunglei', 25, NULL),
(2947, 'Mamit', 25, NULL),
(2948, 'North Vanlaiphai', 25, NULL),
(2949, 'Saiha', 25, NULL),
(2950, 'Sairang', 25, NULL),
(2951, 'Saitul', 25, NULL),
(2952, 'Serchhip', 25, NULL),
(2953, 'Thenzawl', 25, NULL),
(2954, 'Tlabung', 25, NULL),
(2955, 'Vairengte', 25, NULL),
(2956, 'Zawlnuam', 25, NULL),
(48315, 'North East Delhi', 10, 11),
(48316, 'East Delhi', 10, 1),
(48317, 'West Delhi', 10, 1),
(48318, 'South West Delhi', 10, 1),
(48319, 'South Delhi', 10, 1);

-- --------------------------------------------------------

--
-- Table structure for table `tb_state`
--

CREATE TABLE `tb_state` (
  `state_id` int(11) NOT NULL,
  `state` varchar(30) NOT NULL,
  `country_id` int(11) NOT NULL DEFAULT '1'
) ENGINE=InnoDB DEFAULT CHARSET=latin1;

--
-- Dumping data for table `tb_state`
--

INSERT INTO `tb_state` (`state_id`, `state`, `country_id`) VALUES
(1, 'Andaman and Nicobar Islands', 101),
(2, 'Andhra Pradesh', 101),
(3, 'Arunachal Pradesh', 101),
(4, 'Assam', 101),
(5, 'Bihar', 101),
(6, 'Chandigarh', 101),
(7, 'Chhattisgarh', 101),
(8, 'Dadra and Nagar Haveli', 101),
(9, 'Daman and Diu', 101),
(10, 'Delhi', 101),
(11, 'Goa', 101),
(12, 'Gujarat', 101),
(13, 'Haryana', 101),
(14, 'Himachal Pradesh', 101),
(15, 'Jammu and Kashmir', 101),
(16, 'Jharkhand', 101),
(17, 'Karnataka', 101),
(18, 'Kenmore', 101),
(19, 'Kerala', 101),
(20, 'Lakshadweep', 101),
(21, 'Madhya Pradesh', 101),
(22, 'Maharashtra', 101),
(23, 'Manipur', 101),
(24, 'Meghalaya', 101),
(25, 'Mizoram', 101),
(26, 'Nagaland', 101),
(27, 'Narora', 101),
(28, 'Natwar', 101),
(29, 'Odisha', 101),
(30, 'Paschim Medinipur', 101),
(31, 'Pondicherry', 101),
(32, 'Punjab', 101),
(33, 'Rajasthan', 101),
(34, 'Sikkim', 101),
(35, 'Tamil Nadu', 101),
(36, 'Telangana', 101),
(37, 'Tripura', 101),
(38, 'Uttar Pradesh', 101),
(39, 'Uttarakhand', 101),
(40, 'Vaishali', 101),
(41, 'West Bengal', 101);

-- --------------------------------------------------------

--
-- Table structure for table `Users`
--

CREATE TABLE `Users` (
  `id` int(11) NOT NULL,
  `name` varchar(200) CHARACTER SET utf8 NOT NULL,
  `username` varchar(100) CHARACTER SET utf8 NOT NULL,
  `email_id` varchar(200) CHARACTER SET utf8 NOT NULL,
  `password` varchar(200) CHARACTER SET utf8 NOT NULL,
  `state` varchar(100) CHARACTER SET utf8 NOT NULL,
  `city` varchar(100) CHARACTER SET utf8 NOT NULL,
  `pincode` int(11) NOT NULL,
  `address` varchar(500) CHARACTER SET utf8 NOT NULL,
  `store_name` varchar(500) CHARACTER SET utf8 NOT NULL,
  `mobile_no` varchar(100) CHARACTER SET utf8 NOT NULL,
  `created_date` datetime NOT NULL,
  `status` enum('Active','Inactive') NOT NULL,
  `user_type` enum('Admin','Customer') NOT NULL
) ENGINE=InnoDB DEFAULT CHARSET=latin1;

--
-- Dumping data for table `Users`
--

INSERT INTO `Users` (`id`, `name`, `username`, `email_id`, `password`, `state`, `city`, `pincode`, `address`, `store_name`, `mobile_no`, `created_date`, `status`, `user_type`) VALUES
(1, 'Vijay Jadhav', 'admin', 'info@vjmsoftech.in', '7c5e62fbfc8a62229675265f24ac0c10', '', '', 0, '', '', '', '2019-05-24 00:00:00', 'Active', 'Admin'),
(2, '', 'demo', 'demo@gmail.com', '7c5e62fbfc8a62229675265f24ac0c10', '22', '2763', 431714, 'Trimurti Niwas, Near Jansewa bank, keshaw nagar Mundhawa', 'Balaji Laptop Store', '9158680769', '2019-05-25 10:08:48', 'Active', 'Customer');

--
-- Indexes for dumped tables
--

--
-- Indexes for table `Gst_Master`
--
ALTER TABLE `Gst_Master`
  ADD PRIMARY KEY (`id`);

--
-- Indexes for table `Invoice_Master`
--
ALTER TABLE `Invoice_Master`
  ADD PRIMARY KEY (`id`);

--
-- Indexes for table `Item_Details`
--
ALTER TABLE `Item_Details`
  ADD PRIMARY KEY (`id`);

--
-- Indexes for table `Payment_Master`
--
ALTER TABLE `Payment_Master`
  ADD PRIMARY KEY (`id`);

--
-- Indexes for table `Product_Master`
--
ALTER TABLE `Product_Master`
  ADD PRIMARY KEY (`id`),
  ADD KEY `product_name` (`product_name`),
  ADD KEY `price` (`price`),
  ADD KEY `gst_rate` (`gst_rate`(500));

--
-- Indexes for table `Purchase_Item`
--
ALTER TABLE `Purchase_Item`
  ADD PRIMARY KEY (`id`),
  ADD KEY `product_name` (`product_name`);

--
-- Indexes for table `Purchase_Item_Temp`
--
ALTER TABLE `Purchase_Item_Temp`
  ADD PRIMARY KEY (`id`),
  ADD KEY `product_name` (`product_name`);

--
-- Indexes for table `Purchase_Master`
--
ALTER TABLE `Purchase_Master`
  ADD PRIMARY KEY (`id`);

--
-- Indexes for table `sales_Item`
--
ALTER TABLE `sales_Item`
  ADD PRIMARY KEY (`id`),
  ADD KEY `product_name` (`product_name`);

--
-- Indexes for table `sale_Item_Temp`
--
ALTER TABLE `sale_Item_Temp`
  ADD PRIMARY KEY (`id`),
  ADD KEY `product_name` (`product_name`);

--
-- Indexes for table `Sale_Master`
--
ALTER TABLE `Sale_Master`
  ADD PRIMARY KEY (`id`);

--
-- Indexes for table `tbl_terms_condition`
--
ALTER TABLE `tbl_terms_condition`
  ADD PRIMARY KEY (`id`);

--
-- Indexes for table `tb_city`
--
ALTER TABLE `tb_city`
  ADD PRIMARY KEY (`city_id`);

--
-- Indexes for table `tb_state`
--
ALTER TABLE `tb_state`
  ADD PRIMARY KEY (`state_id`);

--
-- Indexes for table `Users`
--
ALTER TABLE `Users`
  ADD PRIMARY KEY (`id`);

--
-- AUTO_INCREMENT for dumped tables
--

--
-- AUTO_INCREMENT for table `Gst_Master`
--
ALTER TABLE `Gst_Master`
  MODIFY `id` int(11) NOT NULL AUTO_INCREMENT, AUTO_INCREMENT=10;
--
-- AUTO_INCREMENT for table `Invoice_Master`
--
ALTER TABLE `Invoice_Master`
  MODIFY `id` bigint(20) NOT NULL AUTO_INCREMENT;
--
-- AUTO_INCREMENT for table `Item_Details`
--
ALTER TABLE `Item_Details`
  MODIFY `id` bigint(20) NOT NULL AUTO_INCREMENT;
--
-- AUTO_INCREMENT for table `Payment_Master`
--
ALTER TABLE `Payment_Master`
  MODIFY `id` bigint(20) NOT NULL AUTO_INCREMENT, AUTO_INCREMENT=2;
--
-- AUTO_INCREMENT for table `Product_Master`
--
ALTER TABLE `Product_Master`
  MODIFY `id` int(11) NOT NULL AUTO_INCREMENT, AUTO_INCREMENT=13;
--
-- AUTO_INCREMENT for table `Purchase_Item`
--
ALTER TABLE `Purchase_Item`
  MODIFY `id` bigint(20) NOT NULL AUTO_INCREMENT, AUTO_INCREMENT=12;
--
-- AUTO_INCREMENT for table `Purchase_Item_Temp`
--
ALTER TABLE `Purchase_Item_Temp`
  MODIFY `id` bigint(20) NOT NULL AUTO_INCREMENT;
--
-- AUTO_INCREMENT for table `Purchase_Master`
--
ALTER TABLE `Purchase_Master`
  MODIFY `id` bigint(20) NOT NULL AUTO_INCREMENT, AUTO_INCREMENT=6;
--
-- AUTO_INCREMENT for table `sales_Item`
--
ALTER TABLE `sales_Item`
  MODIFY `id` bigint(20) NOT NULL AUTO_INCREMENT, AUTO_INCREMENT=14;
--
-- AUTO_INCREMENT for table `sale_Item_Temp`
--
ALTER TABLE `sale_Item_Temp`
  MODIFY `id` bigint(20) NOT NULL AUTO_INCREMENT;
--
-- AUTO_INCREMENT for table `Sale_Master`
--
ALTER TABLE `Sale_Master`
  MODIFY `id` bigint(20) NOT NULL AUTO_INCREMENT, AUTO_INCREMENT=9;
--
-- AUTO_INCREMENT for table `tbl_terms_condition`
--
ALTER TABLE `tbl_terms_condition`
  MODIFY `id` bigint(20) NOT NULL AUTO_INCREMENT, AUTO_INCREMENT=4;
--
-- AUTO_INCREMENT for table `tb_city`
--
ALTER TABLE `tb_city`
  MODIFY `city_id` int(11) NOT NULL AUTO_INCREMENT, AUTO_INCREMENT=48320;
--
-- AUTO_INCREMENT for table `tb_state`
--
ALTER TABLE `tb_state`
  MODIFY `state_id` int(11) NOT NULL AUTO_INCREMENT, AUTO_INCREMENT=42;
--
-- AUTO_INCREMENT for table `Users`
--
ALTER TABLE `Users`
  MODIFY `id` int(11) NOT NULL AUTO_INCREMENT, AUTO_INCREMENT=3;
/*!40101 SET CHARACTER_SET_CLIENT=@OLD_CHARACTER_SET_CLIENT */;
/*!40101 SET CHARACTER_SET_RESULTS=@OLD_CHARACTER_SET_RESULTS */;
/*!40101 SET COLLATION_CONNECTION=@OLD_COLLATION_CONNECTION */;
